close,high,low,open,volume,time
28.83,28.87,28.17,28.6,2746634,2017-01-03 07:00:00+00:00
30.26,30.3,29.02,29.02,3339520,2017-01-04 07:00:00+00:00
30.65,30.93,30.115,30.18,2444552,2017-01-05 07:00:00+00:00
30.68,31.1,30.31,30.69,2086333,2017-01-06 07:00:00+00:00
29.48,30.88,29.215,30.88,4205059,2017-01-09 07:00:00+00:00
30.98,31.1,29.73,29.83,3824409,2017-01-10 07:00:00+00:00
31.97,32.0,31.08,31.08,3068269,2017-01-11 07:00:00+00:00
33.04,33.5,32.51,33.0,4521704,2017-01-12 07:00:00+00:00
33.01,33.43,32.53,32.82,3026712,2017-01-13 07:00:00+00:00
32.64,33.04,32.52,32.97,1382009,2017-01-17 07:00:00+00:00
34.81,34.83,32.64,32.95,6420118,2017-01-18 07:00:00+00:00
35.42,35.63,34.18,34.22,5050105,2017-01-19 07:00:00+00:00
35.66,35.74,34.93,35.4,5330864,2017-01-20 07:00:00+00:00
36.29,36.395,35.455,35.92,5245003,2017-01-23 07:00:00+00:00
37.5,38.38,37.18,37.18,11911148,2017-01-24 07:00:00+00:00
36.53,38.94,36.31,38.58,13583342,2017-01-25 07:00:00+00:00
36.3,37.0699,35.51,36.22,5735412,2017-01-26 07:00:00+00:00
36.67,37.39,36.27,36.3,3618336,2017-01-27 07:00:00+00:00
36.55,36.59,35.77,36.48,3002400,2017-01-30 07:00:00+00:00
36.45,37.23,36.01,36.78,2690280,2017-01-31 07:00:00+00:00
36.26,37.19,36.2,36.58,2905397,2017-02-01 07:00:00+00:00
37.68,38.37,36.63,36.7,5049682,2017-02-02 07:00:00+00:00
36.86,38.05,36.83,37.87,5243335,2017-02-03 07:00:00+00:00
37.75,38.0,36.8,36.9,2833872,2017-02-06 07:00:00+00:00
37.97,38.25,37.31,38.04,3269994,2017-02-07 07:00:00+00:00
37.54,38.5,37.11,37.93,3121713,2017-02-08 07:00:00+00:00
37.42,37.75,36.994,37.41,3392385,2017-02-09 07:00:00+00:00
38.3,38.54,37.505,37.92,3629116,2017-02-10 07:00:00+00:00
38.48,39.78,38.45,38.79,5366057,2017-02-13 07:00:00+00:00
38.56,39.25,38.18,38.57,3818607,2017-02-14 07:00:00+00:00
37.87,38.3,37.73,38.25,11488878,2017-02-15 07:00:00+00:00
36.46,37.8303,36.35,37.82,7040708,2017-02-16 07:00:00+00:00
36.21,36.61,35.79,36.24,4516838,2017-02-17 07:00:00+00:00
36.71,37.01,36.23,36.31,3393391,2017-02-21 07:00:00+00:00
36.6,36.71,36.21,36.4,2587865,2017-02-22 07:00:00+00:00
34.32,36.88,34.26,36.86,7139960,2017-02-23 07:00:00+00:00
34.48,34.64,33.35,33.81,5763834,2017-02-24 07:00:00+00:00
34.78,35.38,34.19,34.52,3898368,2017-02-27 07:00:00+00:00
34.59,35.33,34.4,34.73,4034102,2017-02-28 07:00:00+00:00
37.99,38.15,35.85,35.93,10564474,2017-03-01 07:00:00+00:00
35.85,38.17,35.83,37.64,5099275,2017-03-02 07:00:00+00:00
36.38,36.89,35.75,36.06,3238051,2017-03-03 07:00:00+00:00
36.93,37.48,35.8,36.8,5764124,2017-03-06 07:00:00+00:00
35.8,36.89,35.75,36.81,3753385,2017-03-07 07:00:00+00:00
35.99,36.82,35.9,35.9,4485667,2017-03-08 07:00:00+00:00
35.36,36.55,34.89,36.07,4826219,2017-03-09 07:00:00+00:00
34.53,36.0,34.235,35.9,4052365,2017-03-10 07:00:00+00:00
34.7,35.52,34.53,35.21,2491431,2017-03-13 07:00:00+00:00
34.19,34.58,33.77,34.45,3113001,2017-03-14 07:00:00+00:00
35.14,35.29,33.95,34.4,3753386,2017-03-15 07:00:00+00:00
35.38,35.99,34.98,35.66,3644274,2017-03-16 07:00:00+00:00
34.97,35.98,34.95,35.57,3827967,2017-03-17 07:00:00+00:00
34.9,35.36,34.1,34.9,2688853,2017-03-20 07:00:00+00:00
33.22,35.25,33.17,34.9,4540663,2017-03-21 07:00:00+00:00
33.69,34.15,33.01,33.35,2878415,2017-03-22 07:00:00+00:00
33.31,33.69,33.11,33.41,3071983,2017-03-23 07:00:00+00:00
32.56,33.86,32.365,33.61,4110969,2017-03-24 07:00:00+00:00
32.47,32.57,31.29,31.74,3654475,2017-03-27 07:00:00+00:00
32.92,33.6368,32.45,32.5,4039664,2017-03-28 07:00:00+00:00
32.91,33.29,32.73,32.91,2611803,2017-03-29 07:00:00+00:00
33.49,35.14,32.96,33.0,7122597,2017-03-30 07:00:00+00:00
34.4,34.74,33.6,34.06,5188399,2017-03-31 07:00:00+00:00
34.22,35.0,33.502,34.62,4204838,2017-04-03 07:00:00+00:00
34.23,34.5,33.821,34.03,2297037,2017-04-04 07:00:00+00:00
33.85,35.09,33.755,34.79,4016824,2017-04-05 07:00:00+00:00
33.65,34.16,33.19,33.85,3627131,2017-04-06 07:00:00+00:00
33.73,34.13,33.151,33.25,3674104,2017-04-07 07:00:00+00:00
33.66,33.78,33.2,33.66,2575451,2017-04-10 07:00:00+00:00
34.39,34.46,33.15,33.57,3142550,2017-04-11 07:00:00+00:00
32.05,34.29,32.03,33.86,7603354,2017-04-12 07:00:00+00:00
30.99,32.47,30.99,32.11,6143280,2017-04-13 07:00:00+00:00
31.31,31.79,30.97,31.17,4099722,2017-04-17 07:00:00+00:00
31.76,32.37,30.45,30.78,5018853,2017-04-18 07:00:00+00:00
31.3,32.44,31.28,32.18,2465529,2017-04-19 07:00:00+00:00
32.04,32.3,31.46,31.89,5429746,2017-04-20 07:00:00+00:00
31.7,32.55,31.65,32.2,5043928,2017-04-21 07:00:00+00:00
33.31,33.44,32.15,32.24,7907300,2017-04-24 07:00:00+00:00
36.49,36.55,34.23,34.23,11203196,2017-04-25 07:00:00+00:00
36.45,37.2,35.85,36.0,7528268,2017-04-26 07:00:00+00:00
34.52,35.9,34.155,35.75,14773472,2017-04-27 07:00:00+00:00
33.73,34.945,33.68,34.81,5240048,2017-04-28 07:00:00+00:00
33.28,34.13,32.9,33.95,4985515,2017-05-01 07:00:00+00:00
33.33,34.33,33.3,33.31,3912453,2017-05-02 07:00:00+00:00
31.69,32.9,31.51,32.9,7334538,2017-05-03 07:00:00+00:00
31.04,31.36,30.42,31.22,7917842,2017-05-04 07:00:00+00:00
31.82,31.96,31.05,31.35,4191170,2017-05-05 07:00:00+00:00
31.02,31.37,30.66,31.37,3795697,2017-05-08 07:00:00+00:00
30.82,31.24,30.46,31.22,3415294,2017-05-09 07:00:00+00:00
31.08,31.46,30.7,30.95,3487489,2017-05-10 07:00:00+00:00
31.16,31.31,30.45,31.23,4109699,2017-05-11 07:00:00+00:00
31.79,32.13,30.96,31.0,3380786,2017-05-12 07:00:00+00:00
32.03,32.5,31.97,32.17,2384134,2017-05-15 07:00:00+00:00
32.16,32.4,31.75,32.1,3001764,2017-05-16 07:00:00+00:00
31.63,32.22,31.58,31.88,3739790,2017-05-17 07:00:00+00:00
31.92,32.17,31.1,31.45,2396801,2017-05-18 07:00:00+00:00
32.29,32.88,32.1,32.16,2625907,2017-05-19 07:00:00+00:00
32.96,33.2,32.47,32.65,3456729,2017-05-22 07:00:00+00:00
33.26,33.36,32.56,32.98,2964198,2017-05-23 07:00:00+00:00
33.51,33.92,33.045,33.27,3348172,2017-05-24 07:00:00+00:00
33.09,34.09,33.03,33.68,2324871,2017-05-25 07:00:00+00:00
33.27,33.36,32.87,32.87,2410586,2017-05-26 07:00:00+00:00
32.99,33.16,32.53,33.03,3223450,2017-05-30 07:00:00+00:00
32.94,33.05,31.76,32.88,4546955,2017-05-31 07:00:00+00:00
32.94,33.45,32.45,32.84,2372191,2017-06-01 07:00:00+00:00
32.86,33.0,32.35,32.39,2639919,2017-06-02 07:00:00+00:00
33.32,33.58,32.65,32.65,2604980,2017-06-05 07:00:00+00:00
32.94,33.49,32.78,33.11,3631147,2017-06-06 07:00:00+00:00
32.82,33.17,32.4,33.15,3330688,2017-06-07 07:00:00+00:00
33.5,33.65,32.59,32.6,3286543,2017-06-08 07:00:00+00:00
33.01,34.0,32.85,33.64,3073576,2017-06-09 07:00:00+00:00
31.78,33.21,31.63,32.82,4719467,2017-06-12 07:00:00+00:00
32.48,32.548,31.55,31.97,2997123,2017-06-13 07:00:00+00:00
31.54,32.68,31.21,32.57,3726593,2017-06-14 07:00:00+00:00
30.74,31.45,30.61,31.12,3226913,2017-06-15 07:00:00+00:00
30.0,30.8625,29.55,30.8,4767128,2017-06-16 07:00:00+00:00
30.89,31.3,30.16,30.37,3909182,2017-06-19 07:00:00+00:00
30.45,31.095,30.41,30.69,2567582,2017-06-20 07:00:00+00:00
29.69,30.59,29.6346,30.59,3489616,2017-06-21 07:00:00+00:00
29.8,30.25,29.66,29.81,2906662,2017-06-22 07:00:00+00:00
31.09,31.43,29.79,30.13,6410938,2017-06-23 07:00:00+00:00
31.18,31.295,30.65,31.19,2936282,2017-06-26 07:00:00+00:00
31.63,32.5,31.49,31.6,5464790,2017-06-27 07:00:00+00:00
32.95,33.0,31.93,32.1,3768954,2017-06-28 07:00:00+00:00
33.18,33.34,32.61,33.11,3841300,2017-06-29 07:00:00+00:00
32.65,33.45,32.535,33.16,3032284,2017-06-30 07:00:00+00:00
34.02,34.3,32.915,32.94,3114295,2017-07-03 07:00:00+00:00
33.77,34.255,33.57,34.17,4006954,2017-07-05 07:00:00+00:00
33.89,35.38,33.6,33.61,6221440,2017-07-06 07:00:00+00:00
34.19,34.37,33.265,34.0,3776640,2017-07-07 07:00:00+00:00
34.14,34.45,33.68,33.91,3037352,2017-07-10 07:00:00+00:00
35.0,35.08,33.99,34.22,4244668,2017-07-11 07:00:00+00:00
34.6,35.47,34.44,35.25,4334442,2017-07-12 07:00:00+00:00
36.01,36.38,35.43,35.45,5302075,2017-07-13 07:00:00+00:00
36.32,36.44,35.98,36.2,4217600,2017-07-14 07:00:00+00:00
36.4,36.69,36.205,36.44,3463709,2017-07-17 07:00:00+00:00
36.43,36.48,35.8,36.4,3052565,2017-07-18 07:00:00+00:00
36.5,36.62,36.07,36.61,4516084,2017-07-19 07:00:00+00:00
36.72,37.31,35.95,35.95,4767392,2017-07-20 07:00:00+00:00
36.62,36.8585,36.5055,36.55,2527539,2017-07-21 07:00:00+00:00
36.69,36.88,36.51,36.59,2244773,2017-07-24 07:00:00+00:00
37.3,37.38,36.865,37.07,3425542,2017-07-25 07:00:00+00:00
36.63,37.61,36.56,37.42,3451001,2017-07-26 07:00:00+00:00
36.36,37.07,36.085,36.84,2044409,2017-07-27 07:00:00+00:00
35.64,36.32,35.54,36.17,2859014,2017-07-28 07:00:00+00:00
36.4,36.44,35.665,35.97,2145850,2017-07-31 07:00:00+00:00
36.38,36.74,35.91,36.46,1939164,2017-08-01 07:00:00+00:00
37.28,37.33,36.2,36.27,2965522,2017-08-02 07:00:00+00:00
37.09,37.6,36.94,37.28,2884639,2017-08-03 07:00:00+00:00
37.42,37.5,36.73,37.34,2287600,2017-08-04 07:00:00+00:00
37.99,38.47,37.61,38.0,4921553,2017-08-07 07:00:00+00:00
39.58,40.3621,38.36,38.5,8781774,2017-08-08 07:00:00+00:00
38.62,39.45,38.4,39.21,3729327,2017-08-09 07:00:00+00:00
37.78,38.78,37.715,38.12,3515825,2017-08-10 07:00:00+00:00
37.78,37.91,36.93,37.21,2974324,2017-08-11 07:00:00+00:00
37.19,38.1584,37.1247,38.11,2129460,2017-08-14 07:00:00+00:00
37.5,37.98,37.14,37.3,1826553,2017-08-15 07:00:00+00:00
39.23,39.33,37.9101,37.96,4301947,2017-08-16 07:00:00+00:00
37.8,39.0,37.75,39.0,3298863,2017-08-17 07:00:00+00:00
37.76,38.21,37.34,37.88,2118671,2017-08-18 07:00:00+00:00
38.47,38.66,38.05,38.19,2336799,2017-08-21 07:00:00+00:00
39.77,40.1299,38.73,38.74,3869159,2017-08-22 07:00:00+00:00
41.06,41.44,39.45,39.56,4827278,2017-08-23 07:00:00+00:00
41.34,41.55,40.56,40.88,3189316,2017-08-24 07:00:00+00:00
41.21,41.8,40.84,41.68,2753996,2017-08-25 07:00:00+00:00
42.17,42.26,41.05,41.43,2696047,2017-08-28 07:00:00+00:00
43.0,43.18,41.38,41.66,3982379,2017-08-29 07:00:00+00:00
43.09,44.1,42.991,43.23,5537882,2017-08-30 07:00:00+00:00
43.88,44.0,43.18,43.67,4181995,2017-08-31 07:00:00+00:00
45.04,45.22,44.13,44.21,3376275,2017-09-01 07:00:00+00:00
44.42,45.12,43.7,45.08,5223537,2017-09-05 07:00:00+00:00
44.43,44.5,43.3,44.4,3419879,2017-09-06 07:00:00+00:00
44.73,44.9,44.0401,44.16,3329546,2017-09-07 07:00:00+00:00
42.61,44.37,42.24,44.37,7297634,2017-09-08 07:00:00+00:00
43.6,44.49,43.13,43.25,4177312,2017-09-11 07:00:00+00:00
45.0,45.2,44.33,44.59,4826836,2017-09-12 07:00:00+00:00
44.91,45.07,44.36,44.61,3372211,2017-09-13 07:00:00+00:00
44.8,45.0,43.75,44.48,4450582,2017-09-14 07:00:00+00:00
44.65,45.09,44.22,44.76,5441558,2017-09-15 07:00:00+00:00
44.91,45.09,44.66,44.8,3224782,2017-09-18 07:00:00+00:00
46.2,46.44,44.86,45.22,4854943,2017-09-19 07:00:00+00:00
47.5,47.95,46.53,46.98,7305740,2017-09-20 07:00:00+00:00
46.25,47.25,45.97,47.11,3695561,2017-09-21 07:00:00+00:00
45.38,45.78,44.67,45.31,3224564,2017-09-22 07:00:00+00:00
45.29,45.7,44.62,45.33,3071319,2017-09-25 07:00:00+00:00
44.74,45.52,44.72,45.11,4539129,2017-09-26 07:00:00+00:00
45.07,45.56,44.48,45.28,2391140,2017-09-27 07:00:00+00:00
46.08,46.46,44.81,45.07,5282162,2017-09-28 07:00:00+00:00
46.62,47.0,45.9,46.45,3825604,2017-09-29 07:00:00+00:00
47.65,48.03,46.41,46.43,4043139,2017-10-02 07:00:00+00:00
48.31,48.33,47.44,47.97,3313591,2017-10-03 07:00:00+00:00
47.91,49.3,47.75,48.27,4124246,2017-10-04 07:00:00+00:00
48.25,48.7293,47.65,48.08,3192080,2017-10-05 07:00:00+00:00
47.49,47.89,47.3,47.89,3963549,2017-10-06 07:00:00+00:00
47.07,47.72,46.58,47.63,2235684,2017-10-09 07:00:00+00:00
46.89,47.45,46.58,47.28,3578577,2017-10-10 07:00:00+00:00
46.94,47.0,46.21,46.72,2727964,2017-10-11 07:00:00+00:00
47.53,47.77,46.8,46.95,3027556,2017-10-12 07:00:00+00:00
47.71,48.6299,47.6,48.32,3288641,2017-10-13 07:00:00+00:00
48.24,48.93,47.48,48.0,4682021,2017-10-16 07:00:00+00:00
47.77,48.72,47.42,48.65,3960640,2017-10-17 07:00:00+00:00
47.75,47.84,46.51,47.38,4697989,2017-10-18 07:00:00+00:00
46.54,47.74,46.01,46.5,6033142,2017-10-19 07:00:00+00:00
47.93,48.13,47.06,47.13,4209075,2017-10-20 07:00:00+00:00
47.93,48.56,47.83,48.04,4020138,2017-10-23 07:00:00+00:00
50.08,50.31,48.06,48.13,6702523,2017-10-24 07:00:00+00:00
49.52,49.8799,48.51,49.73,3750687,2017-10-25 07:00:00+00:00
49.15,49.73,48.52,49.52,3468520,2017-10-26 07:00:00+00:00
47.91,48.25,47.01,47.835,3870215,2017-10-27 07:00:00+00:00
47.42,48.38,47.37,47.75,2072449,2017-10-30 07:00:00+00:00
47.78,48.07,46.38,47.15,2721478,2017-10-31 07:00:00+00:00
47.7,49.27,47.45,48.91,3175057,2017-11-01 07:00:00+00:00
47.46,47.7671,47.07,47.68,2059018,2017-11-02 07:00:00+00:00
47.12,47.43,46.71,47.25,1839001,2017-11-03 07:00:00+00:00
47.29,47.68,46.53,47.2,1726647,2017-11-06 07:00:00+00:00
46.97,47.2042,46.54,47.11,2168851,2017-11-07 07:00:00+00:00
45.89,46.77,45.37,46.73,3348230,2017-11-08 07:00:00+00:00
43.33,44.71,43.11,44.71,7673591,2017-11-09 07:00:00+00:00
43.01,44.46,42.75,42.93,4465339,2017-11-10 07:00:00+00:00
43.13,43.87,42.55,42.7,3168178,2017-11-13 07:00:00+00:00
41.87,42.9,40.62,42.9,8096789,2017-11-14 07:00:00+00:00
42.21,42.37,40.73,41.27,4733985,2017-11-15 07:00:00+00:00
42.3,43.08,42.06,42.68,3351178,2017-11-16 07:00:00+00:00
43.4,43.6,42.0,42.0,3569226,2017-11-17 07:00:00+00:00
42.21,42.55,41.75,42.29,4846234,2017-11-20 07:00:00+00:00
41.39,42.73,40.22,42.73,6259975,2017-11-21 07:00:00+00:00
42.64,42.68,41.775,41.84,3254640,2017-11-22 07:00:00+00:00
42.21,42.9,42.09,42.8,1306136,2017-11-24 07:00:00+00:00
42.04,42.42,41.49,42.15,3091931,2017-11-27 07:00:00+00:00
43.3,43.75,41.2099,41.81,8604230,2017-11-28 07:00:00+00:00
41.24,42.32,40.8,42.19,4938871,2017-11-29 07:00:00+00:00
41.51,42.16,41.13,41.5,4407431,2017-11-30 07:00:00+00:00
41.64,42.3,40.521,41.82,3750947,2017-12-01 07:00:00+00:00
41.79,42.6,41.5,41.87,2709952,2017-12-04 07:00:00+00:00
41.18,41.86,40.95,41.37,2855506,2017-12-05 07:00:00+00:00
41.31,41.49,40.3,40.8,5438272,2017-12-06 07:00:00+00:00
40.6,41.19,40.27,41.13,3427362,2017-12-07 07:00:00+00:00
41.4,41.77,40.9,41.0,3696876,2017-12-08 07:00:00+00:00
42.24,42.98,41.54,41.54,4053147,2017-12-11 07:00:00+00:00
42.4,42.88,42.185,42.39,3421527,2017-12-12 07:00:00+00:00
41.86,42.57,41.715,42.45,4146333,2017-12-13 07:00:00+00:00
42.35,42.375,41.96,42.0,3684688,2017-12-14 07:00:00+00:00
42.61,43.14,42.28,42.8,4536769,2017-12-15 07:00:00+00:00
44.57,44.69,42.76,42.81,3175121,2017-12-18 07:00:00+00:00
46.52,46.54,44.66,44.67,5960336,2017-12-19 07:00:00+00:00
49.26,49.67,47.6287,48.2,7170946,2017-12-20 07:00:00+00:00
48.99,49.68,48.77,49.285,3055816,2017-12-21 07:00:00+00:00
49.99,50.04,48.81,49.27,2428317,2017-12-22 07:00:00+00:00
50.38,50.5,49.21,49.98,2759809,2017-12-26 07:00:00+00:00
51.84,51.93,50.2,50.55,2977825,2017-12-27 07:00:00+00:00
54.14,54.2,52.021,52.05,5702017,2017-12-28 07:00:00+00:00
53.87,54.61,53.52,54.0,5174615,2017-12-29 07:00:00+00:00
55.17,55.22,53.91,54.06,2929144,2018-01-02 07:00:00+00:00
54.5,55.15,52.96,54.92,4099974,2018-01-03 07:00:00+00:00
54.7,55.43,54.075,54.81,3555132,2018-01-04 07:00:00+00:00
54.09,54.66,53.41,54.65,3371375,2018-01-05 07:00:00+00:00
55.0,56.15,53.66,53.96,5028333,2018-01-08 07:00:00+00:00
54.2,55.08,54.0,55.0,3533011,2018-01-09 07:00:00+00:00
56.17,56.26,54.23,54.37,5056124,2018-01-10 07:00:00+00:00
56.91,57.13,55.87,56.6,2743080,2018-01-11 07:00:00+00:00
56.76,57.5,56.11,57.05,4216639,2018-01-12 07:00:00+00:00
56.24,57.04,55.46,56.09,3888380,2018-01-16 07:00:00+00:00
56.99,57.0399,55.58,56.03,8189683,2018-01-17 07:00:00+00:00
53.0,53.87,51.72,53.67,19521004,2018-01-18 07:00:00+00:00
53.1,53.68,52.55,52.86,5759602,2018-01-19 07:00:00+00:00
52.94,53.9,52.261,52.8,4220814,2018-01-22 07:00:00+00:00
52.58,52.9,51.73,52.34,609458,2018-01-23 07:00:00+00:00
53.25,53.8525,52.39,53.36,72143,2018-01-24 07:00:00+00:00
53.11,53.89,52.72,52.9,2762,2018-01-25 07:00:00+00:00
54.0,54.4,53.28,53.55,2747894,2018-01-26 07:00:00+00:00
54.49,54.6299,53.52,53.89,4648586,2018-01-29 07:00:00+00:00
52.54,53.97,52.52,52.76,18886,2018-01-30 07:00:00+00:00
51.98,53.36,51.25,52.06,910,2018-01-31 07:00:00+00:00
52.42,52.5,51.27,52.32,2000,2018-02-01 07:00:00+00:00
49.03,52.0,49.0,49.16,45757,2018-02-02 07:00:00+00:00
47.95,50.75,47.8,48.55,130892,2018-02-05 07:00:00+00:00
49.0,50.2,47.28,49.06,88167,2018-02-06 07:00:00+00:00
47.7,49.42,47.67,49.23,3176812,2018-02-07 07:00:00+00:00
45.98,48.24,45.53,47.81,3897043,2018-02-08 07:00:00+00:00
46.0,47.06,44.15,45.26,5196,2018-02-09 07:00:00+00:00
46.65,47.13,45.77,46.05,3495927,2018-02-12 07:00:00+00:00
47.3,47.98,46.12,46.39,2811006,2018-02-13 07:00:00+00:00
48.54,48.65,46.52,46.71,2431659,2018-02-14 07:00:00+00:00
47.57,48.99,46.1901,48.99,5113249,2018-02-15 07:00:00+00:00
47.36,50.18,46.52,47.5,8396755,2018-02-16 07:00:00+00:00
48.07,48.7399,46.76,46.84,4589494,2018-02-20 07:00:00+00:00
47.55,48.95,47.23,48.21,3194895,2018-02-21 07:00:00+00:00
48.01,48.4,46.83,48.01,4232510,2018-02-22 07:00:00+00:00
46.7,48.14,46.5841,48.06,3097983,2018-02-23 07:00:00+00:00
46.68,47.58,46.14,47.42,3562019,2018-02-26 07:00:00+00:00
46.22,47.17,45.657,46.5,3247720,2018-02-27 07:00:00+00:00
44.97,46.84,44.94,46.25,2837409,2018-02-28 07:00:00+00:00
45.07,46.44,44.58,45.93,6501728,2018-03-01 07:00:00+00:00
45.54,46.18,44.14,44.72,3707749,2018-03-02 07:00:00+00:00
45.67,46.46,44.85,45.52,437593,2018-03-05 07:00:00+00:00
46.64,47.52,45.65,45.65,595025,2018-03-06 07:00:00+00:00
47.88,48.26,46.4006,47.44,384258,2018-03-07 07:00:00+00:00
47.43,48.73,46.545,48.0,353322,2018-03-08 07:00:00+00:00
47.89,48.59,47.23,47.61,278538,2018-03-09 07:00:00+00:00
48.37,48.6799,47.91,48.0,180168,2018-03-12 07:00:00+00:00
48.54,49.85,48.43,48.55,417748,2018-03-13 07:00:00+00:00
46.5,49.43,46.21,49.38,484000,2018-03-14 07:00:00+00:00
46.94,47.13,45.71,46.9,402355,2018-03-15 07:00:00+00:00
47.23,47.9186,46.74,47.08,281264,2018-03-16 07:00:00+00:00
46.35,47.68,45.76,47.04,288566,2018-03-19 07:00:00+00:00
46.47,47.06,46.05,46.35,160832,2018-03-20 07:00:00+00:00
47.97,48.0615,46.31,46.44,271925,2018-03-21 07:00:00+00:00
44.6,48.089,44.6,47.8,615943,2018-03-22 07:00:00+00:00
44.56,46.0,44.56,45.21,424649,2018-03-23 07:00:00+00:00
45.76,46.53,44.2698,45.02,576321,2018-03-26 07:00:00+00:00
44.9,46.49,44.635,46.06,368183,2018-03-27 07:00:00+00:00
44.44,44.92,43.6864,44.51,243100,2018-03-28 07:00:00+00:00
44.94,45.6629,44.5,44.6,291244,2018-03-29 07:00:00+00:00
44.23,46.12,43.8,44.25,302488,2018-04-02 07:00:00+00:00
44.88,45.9,44.63,44.77,332775,2018-04-03 07:00:00+00:00
46.69,47.07,44.21,44.3,664555,2018-04-04 07:00:00+00:00
47.61,48.73,47.14,47.14,367095,2018-04-05 07:00:00+00:00
47.56,48.74,46.88,46.88,705262,2018-04-06 07:00:00+00:00
50.72,52.02,49.14,49.14,885237,2018-04-09 07:00:00+00:00
54.46,55.18,51.65,51.95,1202419,2018-04-10 07:00:00+00:00
53.98,54.89,52.65,54.2,719974,2018-04-11 07:00:00+00:00
54.46,55.3323,53.17,53.74,581618,2018-04-12 07:00:00+00:00
54.95,55.38,54.27,54.95,348021,2018-04-13 07:00:00+00:00
55.02,56.5,54.405,55.7,703517,2018-04-16 07:00:00+00:00
57.05,57.4875,54.76,55.06,679653,2018-04-17 07:00:00+00:00
62.0,62.0,57.25,57.8,1042320,2018-04-18 07:00:00+00:00
60.4,62.35,59.56,62.26,1450586,2018-04-19 07:00:00+00:00
60.0,60.14,57.49,59.99,951140,2018-04-20 07:00:00+00:00
51.89,59.51,51.5,59.51,1512290,2018-04-23 07:00:00+00:00
50.75,52.2,49.9,52.03,849786,2018-04-24 07:00:00+00:00
51.95,52.43,49.97,51.28,553172,2018-04-25 07:00:00+00:00
52.85,55.08,52.01,52.01,674145,2018-04-26 07:00:00+00:00
51.3,52.99,51.1,52.63,481923,2018-04-27 07:00:00+00:00
51.29,51.8698,51.05,51.5,460365,2018-04-30 07:00:00+00:00
51.98,52.43,50.11,51.05,440509,2018-05-01 07:00:00+00:00
52.26,53.5,52.21,52.42,447927,2018-05-02 07:00:00+00:00
53.28,53.76,52.6342,52.79,446332,2018-05-03 07:00:00+00:00
54.44,54.46,52.65,53.0,373170,2018-05-04 07:00:00+00:00
54.58,55.38,54.32,54.95,298752,2018-05-07 07:00:00+00:00
53.76,54.65,53.44,54.0,354477,2018-05-08 07:00:00+00:00
53.5,54.13,53.18,53.46,336646,2018-05-09 07:00:00+00:00
53.83,54.01,53.09,53.42,391743,2018-05-10 07:00:00+00:00
53.9,54.25,53.37,53.58,310652,2018-05-11 07:00:00+00:00
52.36,54.515,51.92,54.19,509374,2018-05-14 07:00:00+00:00
50.48,52.46,50.4,52.46,935664,2018-05-15 07:00:00+00:00
50.21,50.675,49.54,50.33,668674,2018-05-16 07:00:00+00:00
50.74,51.09,49.83,49.89,397107,2018-05-17 07:00:00+00:00
50.85,51.05,50.35,50.54,239265,2018-05-18 07:00:00+00:00
50.23,51.21,50.15,51.21,184892,2018-05-21 07:00:00+00:00
49.76,50.9,49.6,50.64,388313,2018-05-22 07:00:00+00:00
48.5,49.46,48.31,49.46,288950,2018-05-23 07:00:00+00:00
49.16,49.44,48.55,48.69,179902,2018-05-24 07:00:00+00:00
47.93,48.84,47.66,48.84,348104,2018-05-25 07:00:00+00:00
47.3,47.95,46.82,47.55,270471,2018-05-29 07:00:00+00:00
49.64,49.64,47.5,47.7,288726,2018-05-30 07:00:00+00:00
48.05,50.43,47.81,49.75,367423,2018-05-31 07:00:00+00:00
47.64,48.62,47.47,48.25,361417,2018-06-01 07:00:00+00:00
48.47,48.82,47.55,47.55,348403,2018-06-04 07:00:00+00:00
49.45,49.5,48.42,48.69,303744,2018-06-05 07:00:00+00:00
50.21,50.21,49.17,49.65,432255,2018-06-06 07:00:00+00:00
49.27,50.45,48.5422,50.45,176796,2018-06-07 07:00:00+00:00
48.5,49.49,48.44,49.1,292510,2018-06-08 07:00:00+00:00
49.75,50.59,48.18,48.39,372545,2018-06-11 07:00:00+00:00
49.29,50.13,49.11,49.97,220977,2018-06-12 07:00:00+00:00
48.34,49.49,48.28,49.48,220906,2018-06-13 07:00:00+00:00
47.82,48.645,47.64,48.56,366885,2018-06-14 07:00:00+00:00
45.46,47.76,45.03,47.76,548088,2018-06-15 07:00:00+00:00
45.76,45.87,45.0,45.38,272338,2018-06-18 07:00:00+00:00
44.44,45.03,43.35,45.03,583518,2018-06-19 07:00:00+00:00
45.27,45.43,44.33,44.86,320999,2018-06-20 07:00:00+00:00
44.81,45.429,44.57,45.35,342831,2018-06-21 07:00:00+00:00
45.53,45.78,44.98,44.98,81088,2018-06-22 07:00:00+00:00
44.26,45.13,43.59,45.13,2281908,2018-06-25 07:00:00+00:00
45.8,45.96,44.08,44.51,3918181,2018-06-26 07:00:00+00:00
45.74,47.05,45.47,45.68,2468646,2018-06-27 07:00:00+00:00
46.47,46.68,45.0738,45.23,2272953,2018-06-28 07:00:00+00:00
46.88,47.32,46.0875,46.19,3118855,2018-06-29 07:00:00+00:00
45.88,47.29,45.49,46.46,2150764,2018-07-02 07:00:00+00:00
45.8,46.9,45.51,46.34,1251283,2018-07-03 07:00:00+00:00
46.88,47.5,46.17,46.26,2250977,2018-07-05 07:00:00+00:00
47.14,47.245,46.02,46.49,2184835,2018-07-06 07:00:00+00:00
48.29,48.56,47.57,47.94,2370238,2018-07-09 07:00:00+00:00
47.89,48.87,47.5179,48.05,2234801,2018-07-10 07:00:00+00:00
48.06,48.3,46.59,46.91,2847293,2018-07-11 07:00:00+00:00
47.4,48.2873,47.15,48.1,1896637,2018-07-12 07:00:00+00:00
47.26,47.85,47.02,47.68,1350412,2018-07-13 07:00:00+00:00
47.41,48.08,46.76,47.54,2714124,2018-07-16 07:00:00+00:00
48.02,48.29,47.395,47.4,2203008,2018-07-17 07:00:00+00:00
47.96,48.75,47.32,47.98,3937718,2018-07-18 07:00:00+00:00
41.56,46.3,41.0249,45.75,19926754,2018-07-19 07:00:00+00:00
40.32,41.55,40.03,41.53,9855642,2018-07-20 07:00:00+00:00
41.33,41.82,40.08,40.86,7709803,2018-07-23 07:00:00+00:00
42.49,43.1,42.0,42.35,8243913,2018-07-24 07:00:00+00:00
43.11,43.245,41.645,42.1,5664928,2018-07-25 07:00:00+00:00
42.82,43.46,42.05,42.7,3023653,2018-07-26 07:00:00+00:00
43.22,43.48,42.3633,42.86,3978849,2018-07-27 07:00:00+00:00
42.58,43.68,42.32,43.38,2704072,2018-07-30 07:00:00+00:00
43.27,43.61,42.6552,42.68,2557641,2018-07-31 07:00:00+00:00
42.04,43.01,41.9,43.01,3886643,2018-08-01 07:00:00+00:00
42.48,42.75,41.46,41.63,2571736,2018-08-02 07:00:00+00:00
42.72,43.3,42.31,42.54,2101762,2018-08-03 07:00:00+00:00
42.72,42.98,42.21,42.53,3233414,2018-08-06 07:00:00+00:00
41.97,43.4,41.9,43.21,2887866,2018-08-07 07:00:00+00:00
43.7,44.32,41.945,42.0,6489177,2018-08-08 07:00:00+00:00
42.99,44.4,42.81,44.27,3058372,2018-08-09 07:00:00+00:00
45.48,45.48,42.05,43.0,711102,2018-08-10 07:00:00+00:00
44.44,44.95,44.01,44.67,449821,2018-08-13 07:00:00+00:00
44.13,44.5599,43.76,44.48,284118,2018-08-14 07:00:00+00:00
40.88,43.74,40.69,43.74,848603,2018-08-15 07:00:00+00:00
41.31,42.24,41.14,41.14,416897,2018-08-16 07:00:00+00:00
42.0,42.24,41.09,41.7,314840,2018-08-17 07:00:00+00:00
41.77,42.87,41.71,42.5,307398,2018-08-20 07:00:00+00:00
43.03,43.22,41.88,42.0,378280,2018-08-21 07:00:00+00:00
43.22,43.79,43.08,43.08,285329,2018-08-22 07:00:00+00:00
42.01,43.4,41.89,43.4,417101,2018-08-23 07:00:00+00:00
43.4,43.53,42.18,42.25,568971,2018-08-24 07:00:00+00:00
43.75,44.35,43.17,43.17,217765,2018-08-27 07:00:00+00:00
44.33,45.65,43.7,43.7,591752,2018-08-28 07:00:00+00:00
45.15,45.47,44.04,44.7,269399,2018-08-29 07:00:00+00:00
44.31,45.17,44.305,44.97,500386,2018-08-30 07:00:00+00:00
44.68,45.04,44.04,44.55,275768,2018-08-31 07:00:00+00:00
43.35,44.57,43.17,44.54,245710,2018-09-04 07:00:00+00:00
42.87,43.4,41.74,42.93,235992,2018-09-05 07:00:00+00:00
41.5,42.71,40.19,42.71,242922,2018-09-06 07:00:00+00:00
40.89,41.54,40.11,40.36,827769,2018-09-07 07:00:00+00:00
42.01,42.5,41.2,41.2,353136,2018-09-10 07:00:00+00:00
40.87,42.16,40.73,42.16,519368,2018-09-11 07:00:00+00:00
42.18,42.18,40.5,41.17,619745,2018-09-12 07:00:00+00:00
41.77,42.74,41.66,42.07,377810,2018-09-13 07:00:00+00:00
42.79,42.85,42.03,42.07,451782,2018-09-14 07:00:00+00:00
41.87,43.33,41.87,42.92,348761,2018-09-17 07:00:00+00:00
43.12,43.69,42.69,43.11,412355,2018-09-18 07:00:00+00:00
42.77,43.38,42.36,43.38,383545,2018-09-19 07:00:00+00:00
43.28,43.53,42.47,42.47,466151,2018-09-20 07:00:00+00:00
43.84,43.95,42.83,42.92,483448,2018-09-21 07:00:00+00:00
41.95,43.87,41.93,43.87,554102,2018-09-24 07:00:00+00:00
41.7,42.12,40.64,41.96,652979,2018-09-25 07:00:00+00:00
40.44,41.41,39.61,41.12,906859,2018-09-26 07:00:00+00:00
40.56,41.01,40.12,40.21,370185,2018-09-27 07:00:00+00:00
40.37,41.26,40.26,40.26,424350,2018-09-28 07:00:00+00:00
40.95,41.27,39.91,40.95,497674,2018-10-01 07:00:00+00:00
41.41,41.8,40.56,40.56,532368,2018-10-02 07:00:00+00:00
42.92,45.22,42.0,42.0,1605146,2018-10-03 07:00:00+00:00
43.26,43.69,42.62,42.98,909485,2018-10-04 07:00:00+00:00
42.2,43.48,41.63,43.35,744956,2018-10-05 07:00:00+00:00
38.8,41.83,38.3,41.79,1130834,2018-10-08 07:00:00+00:00
37.45,38.97,37.45,38.82,885548,2018-10-09 07:00:00+00:00
36.15,37.9,35.84,37.89,777099,2018-10-10 07:00:00+00:00
35.85,36.21,35.19,35.86,577698,2018-10-11 07:00:00+00:00
35.76,36.62,35.68,36.47,565551,2018-10-12 07:00:00+00:00
35.19,35.96,35.19,35.9,387196,2018-10-15 07:00:00+00:00
36.59,36.59,35.35,35.41,499891,2018-10-16 07:00:00+00:00
38.5,38.5,35.52,36.59,1387318,2018-10-17 07:00:00+00:00
39.13,40.5,38.02,38.02,1789512,2018-10-18 07:00:00+00:00
38.6,39.5,37.98,39.01,848720,2018-10-19 07:00:00+00:00
39.35,39.71,38.56,38.58,433774,2018-10-22 07:00:00+00:00
37.32,39.42,37.14,38.72,566444,2018-10-23 07:00:00+00:00
34.37,37.61,34.09,37.39,817930,2018-10-24 07:00:00+00:00
34.53,35.01,33.9,34.36,531502,2018-10-25 07:00:00+00:00
34.24,34.95,33.19,34.41,814347,2018-10-26 07:00:00+00:00
33.8,35.1,33.46,34.26,441213,2018-10-29 07:00:00+00:00
34.55,34.55,33.45,33.78,458295,2018-10-30 07:00:00+00:00
34.99,35.75,34.51,34.67,512014,2018-10-31 07:00:00+00:00
36.23,36.8,35.19,35.19,536258,2018-11-01 07:00:00+00:00
36.9,37.62,36.56,36.77,442746,2018-11-02 07:00:00+00:00
36.58,37.05,36.51,36.65,337224,2018-11-05 07:00:00+00:00
36.18,36.74,35.73,36.55,378257,2018-11-06 07:00:00+00:00
36.83,37.3,36.06,36.43,480665,2018-11-07 07:00:00+00:00
36.39,37.91,36.19,37.1,573594,2018-11-08 07:00:00+00:00
34.38,36.6,33.82,36.57,695187,2018-11-09 07:00:00+00:00
33.73,34.5,33.63,34.39,334395,2018-11-12 07:00:00+00:00
34.71,35.35,33.3,34.06,603220,2018-11-13 07:00:00+00:00
35.37,35.5,34.26,34.94,388553,2018-11-14 07:00:00+00:00
36.0,36.06,35.0,35.35,428171,2018-11-15 07:00:00+00:00
35.95,36.58,35.48,36.0,426295,2018-11-16 07:00:00+00:00
33.42,36.19,32.27,35.72,656027,2018-11-19 07:00:00+00:00
32.7,33.58,32.0,33.58,312985,2018-11-20 07:00:00+00:00
32.79,33.43,32.57,33.0,318143,2018-11-21 07:00:00+00:00
32.49,33.04,31.72,32.94,145124,2018-11-23 07:00:00+00:00
32.56,33.04,32.05,32.84,378149,2018-11-26 07:00:00+00:00
31.19,32.93,30.99,32.33,404512,2018-11-27 07:00:00+00:00
33.59,34.11,31.0,31.21,901741,2018-11-28 07:00:00+00:00
31.09,33.98,30.99,33.28,1031955,2018-11-29 07:00:00+00:00
31.81,32.38,30.95,31.31,751057,2018-11-30 07:00:00+00:00
32.02,33.41,31.8,32.47,316247,2018-12-03 07:00:00+00:00
30.65,32.16,30.28,31.81,521262,2018-12-04 07:00:00+00:00
29.65,30.44,28.15,30.34,670899,2018-12-06 07:00:00+00:00
28.81,30.13,28.7,29.8,820226,2018-12-07 07:00:00+00:00
28.31,29.2,27.95,29.2,367240,2018-12-10 07:00:00+00:00
28.26,29.43,28.17,28.17,528914,2018-12-11 07:00:00+00:00
29.23,29.99,28.89,28.91,688656,2018-12-12 07:00:00+00:00
29.12,29.66,28.7,29.48,558990,2018-12-13 07:00:00+00:00
28.61,29.57,28.53,29.03,381401,2018-12-14 07:00:00+00:00
28.1,28.94,27.88,28.82,291258,2018-12-17 07:00:00+00:00
28.24,28.58,28.0,28.38,331400,2018-12-18 07:00:00+00:00
27.6,29.38,27.07,28.17,821354,2018-12-19 07:00:00+00:00
27.35,27.91,26.32,27.66,657389,2018-12-20 07:00:00+00:00
26.3,27.63,26.26,27.33,371014,2018-12-21 07:00:00+00:00
25.14,26.92,25.0,26.44,77637,2018-12-24 07:00:00+00:00
27.05,27.05,24.77,25.52,416143,2018-12-26 07:00:00+00:00
27.14,27.27,25.88,27.24,499952,2018-12-27 07:00:00+00:00
26.62,27.49,26.24,27.16,413248,2018-12-28 07:00:00+00:00
26.53,27.3,25.97,26.06,398692,2018-12-31 07:00:00+00:00
26.53,27.3,25.97,26.06,398692,2018-12-31 07:00:00+00:00
26.23,26.75,25.5,26.22,567637,2019-01-02 07:00:00+00:00
26.2,26.82,25.55,25.84,569075,2019-01-03 07:00:00+00:00
28.22,28.55,26.3,26.3,790867,2019-01-04 07:00:00+00:00
28.93,28.93,28.08,28.63,351914,2019-01-07 07:00:00+00:00
28.26,28.95,27.71,28.72,316133,2019-01-08 07:00:00+00:00
29.1,29.19,28.2,28.58,500206,2019-01-09 07:00:00+00:00
28.7,29.22,28.58,29.1,352869,2019-01-10 07:00:00+00:00
28.54,29.17,28.0,28.75,677204,2019-01-11 07:00:00+00:00
29.0,29.35,28.0,28.53,606816,2019-01-14 07:00:00+00:00
28.9,29.39,28.68,28.78,535444,2019-01-15 07:00:00+00:00
28.59,29.31,28.19,28.91,1503092,2019-01-16 07:00:00+00:00
29.4,30.28,27.52,28.99,1670926,2019-01-17 07:00:00+00:00
29.38,30.05,29.14,29.9,888293,2019-01-18 07:00:00+00:00
29.32,29.32,29.32,29.32,10,2019-01-19 07:00:00+00:00
27.8,29.59,27.55,29.44,739968,2019-01-22 07:00:00+00:00
28.28,28.67,27.64,28.0,674488,2019-01-23 07:00:00+00:00
27.96,28.56,27.7,28.47,417868,2019-01-24 07:00:00+00:00
29.16,29.5,27.85,27.86,823477,2019-01-25 07:00:00+00:00
28.0,29.15,27.81,29.12,703840,2019-01-28 07:00:00+00:00
28.79,29.54,27.89,28.1,569949,2019-01-29 07:00:00+00:00
29.75,29.77,28.59,28.95,631162,2019-01-30 07:00:00+00:00
29.68,30.25,29.36,29.48,736286,2019-01-31 07:00:00+00:00
28.59,30.25,28.28,29.94,750266,2019-02-01 07:00:00+00:00
29.09,29.15,28.49,28.74,338863,2019-02-04 07:00:00+00:00
29.04,29.42,28.82,29.09,357211,2019-02-05 07:00:00+00:00
28.48,29.3,28.48,29.19,373824,2019-02-06 07:00:00+00:00
27.29,28.65,27.07,28.63,714591,2019-02-07 07:00:00+00:00
27.65,27.65,26.54,27.23,582399,2019-02-08 07:00:00+00:00
28.0,28.11,27.31,27.79,439379,2019-02-11 07:00:00+00:00
28.41,28.6,27.96,28.01,382605,2019-02-12 07:00:00+00:00
28.98,29.53,28.31,28.75,622071,2019-02-13 07:00:00+00:00
28.2,29.23,28.16,28.92,447750,2019-02-14 07:00:00+00:00
28.27,28.87,28.0,28.25,366433,2019-02-15 07:00:00+00:00
28.19,28.46,28.12,28.33,458379,2019-02-19 07:00:00+00:00
29.22,29.57,28.13,28.37,692427,2019-02-20 07:00:00+00:00
29.58,29.88,29.06,29.1,627189,2019-02-21 07:00:00+00:00
30.15,30.38,29.37,29.75,394714,2019-02-22 07:00:00+00:00
30.7,30.84,30.04,30.15,476968,2019-02-25 07:00:00+00:00
30.83,31.25,30.54,31.0,623895,2019-02-26 07:00:00+00:00
30.97,31.39,30.52,30.95,299285,2019-02-27 07:00:00+00:00
29.47,31.14,29.36,30.67,467553,2019-02-28 07:00:00+00:00
29.66,30.2,29.39,29.75,357271,2019-03-01 07:00:00+00:00
29.15,29.97,28.75,29.97,443409,2019-03-04 07:00:00+00:00
29.2,29.53,28.77,29.38,254447,2019-03-05 07:00:00+00:00
28.25,29.34,28.15,29.34,347623,2019-03-06 07:00:00+00:00
27.36,28.48,27.32,28.42,488058,2019-03-07 07:00:00+00:00
26.81,27.33,26.54,27.33,316062,2019-03-08 07:00:00+00:00
27.47,27.54,26.65,26.95,351793,2019-03-11 07:00:00+00:00
28.35,28.58,27.5,27.6,477328,2019-03-12 07:00:00+00:00
28.99,29.32,28.22,28.22,505785,2019-03-13 07:00:00+00:00
27.97,29.2,27.82,28.76,299546,2019-03-14 07:00:00+00:00
27.81,28.5,27.65,28.19,267108,2019-03-15 07:00:00+00:00
28.79,28.85,27.8,27.8,342170,2019-03-18 07:00:00+00:00
28.63,29.31,28.49,28.77,318876,2019-03-19 07:00:00+00:00
28.79,29.1,27.7,28.51,466535,2019-03-20 07:00:00+00:00
29.63,29.63,28.51,28.55,413067,2019-03-21 07:00:00+00:00
28.12,29.5,27.81,29.41,570477,2019-03-22 07:00:00+00:00
28.02,28.51,27.79,27.81,375971,2019-03-25 07:00:00+00:00
27.42,28.4,27.3,28.06,514092,2019-03-26 07:00:00+00:00
27.92,27.97,27.25,27.63,396020,2019-03-27 07:00:00+00:00
28.01,28.02,27.42,27.72,335690,2019-03-28 07:00:00+00:00
28.06,28.75,27.99,28.22,379676,2019-03-29 07:00:00+00:00
29.22,29.64,28.35,28.4,532138,2019-04-01 07:00:00+00:00
28.43,29.56,28.2,29.56,515579,2019-04-02 07:00:00+00:00
28.75,28.85,28.2,28.46,587385,2019-04-03 07:00:00+00:00
29.32,29.34,28.4,28.5,326072,2019-04-04 07:00:00+00:00
29.59,29.66,29.02,29.46,334259,2019-04-05 07:00:00+00:00
29.66,29.8,29.29,29.6,322235,2019-04-08 07:00:00+00:00
29.0,29.79,28.96,29.7,268411,2019-04-09 07:00:00+00:00
29.37,29.37,28.92,29.01,413432,2019-04-10 07:00:00+00:00
28.5,29.35,28.31,29.34,385899,2019-04-11 07:00:00+00:00
28.35,29.15,28.28,28.51,364633,2019-04-12 07:00:00+00:00
27.78,28.54,27.61,28.54,523619,2019-04-15 07:00:00+00:00
27.76,28.11,27.42,28.01,645094,2019-04-16 07:00:00+00:00
27.27,28.6,27.0,27.95,634417,2019-04-17 07:00:00+00:00
26.66,27.63,25.74,27.62,982967,2019-04-18 07:00:00+00:00
28.01,28.23,26.6,26.91,836922,2019-04-22 07:00:00+00:00
28.62,28.91,27.91,28.05,569467,2019-04-23 07:00:00+00:00
28.14,28.52,27.75,28.36,324369,2019-04-24 07:00:00+00:00
27.11,28.15,27.02,28.14,405456,2019-04-25 07:00:00+00:00
26.93,27.39,26.85,27.25,274236,2019-04-26 07:00:00+00:00
26.61,27.4,26.56,27.4,280992,2019-04-29 07:00:00+00:00
26.68,26.98,26.38,26.66,372831,2019-04-30 07:00:00+00:00
26.03,27.06,26.0,26.8,385880,2019-05-01 07:00:00+00:00
26.0,26.38,25.73,26.3,333829,2019-05-02 07:00:00+00:00
26.67,26.82,26.0,26.12,462374,2019-05-03 07:00:00+00:00
25.98,26.23,25.3,26.02,417562,2019-05-06 07:00:00+00:00
25.18,25.99,25.0,25.9,391618,2019-05-07 07:00:00+00:00
24.79,25.46,24.69,25.2,558048,2019-05-08 07:00:00+00:00
25.1,25.1,23.9,24.65,380160,2019-05-09 07:00:00+00:00
25.03,25.29,24.31,24.78,665865,2019-05-10 07:00:00+00:00
24.52,24.98,23.97,24.98,495536,2019-05-13 07:00:00+00:00
25.19,25.44,24.7,24.7,672514,2019-05-14 07:00:00+00:00
25.04,25.23,24.55,25.23,389986,2019-05-15 07:00:00+00:00
25.24,25.3,24.7,25.12,328698,2019-05-16 07:00:00+00:00
24.6,25.01,24.38,25.01,509978,2019-05-17 07:00:00+00:00
24.09,24.8,23.89,24.75,559566,2019-05-20 07:00:00+00:00
24.72,24.81,23.9,24.27,425596,2019-05-21 07:00:00+00:00
24.53,24.9,24.05,24.9,443915,2019-05-22 07:00:00+00:00
23.24,24.28,23.07,24.01,528457,2019-05-23 07:00:00+00:00
23.01,23.68,22.99,23.53,493026,2019-05-24 07:00:00+00:00
22.56,23.23,22.44,23.23,685610,2019-05-28 07:00:00+00:00
22.44,22.62,21.99,22.62,471827,2019-05-29 07:00:00+00:00
21.61,22.7,21.53,22.29,689584,2019-05-30 07:00:00+00:00
21.19,21.64,21.02,21.64,435111,2019-05-31 07:00:00+00:00
21.0,21.65,20.84,21.13,614359,2019-06-03 07:00:00+00:00
22.16,22.2,21.37,21.37,474683,2019-06-04 07:00:00+00:00
21.35,22.22,21.08,21.91,1206993,2019-06-05 07:00:00+00:00
21.35,21.87,21.22,21.58,493102,2019-06-06 07:00:00+00:00
21.44,22.25,20.96,21.82,683954,2019-06-07 07:00:00+00:00
22.05,22.08,21.33,21.62,438505,2019-06-10 07:00:00+00:00
21.67,22.47,21.67,21.84,497228,2019-06-11 07:00:00+00:00
21.16,21.88,21.1,21.79,400156,2019-06-12 07:00:00+00:00
21.82,21.88,21.11,21.16,394636,2019-06-13 07:00:00+00:00
22.11,22.11,21.38,21.48,526822,2019-06-14 07:00:00+00:00
22.1,22.11,21.25,22.03,335723,2019-06-17 07:00:00+00:00
22.54,23.05,21.6,21.92,504987,2019-06-18 07:00:00+00:00
22.58,23.12,22.31,22.73,504618,2019-06-19 07:00:00+00:00
22.36,23.18,22.36,22.71,394612,2019-06-20 07:00:00+00:00
22.86,22.86,22.13,22.86,297015,2019-06-21 07:00:00+00:00
22.65,22.84,22.2,22.51,283246,2019-06-24 07:00:00+00:00
22.69,22.86,21.96,22.46,540874,2019-06-25 07:00:00+00:00
23.21,23.38,22.34,22.35,474876,2019-06-26 07:00:00+00:00
23.29,23.4,22.93,23.4,333497,2019-06-27 07:00:00+00:00
23.39,23.4,22.85,22.94,412255,2019-06-28 07:00:00+00:00
23.49,23.87,22.78,23.87,436373,2019-07-01 07:00:00+00:00
23.4,23.47,22.7,22.88,549697,2019-07-02 07:00:00+00:00
22.7,23.5,22.37,23.1,446416,2019-07-03 07:00:00+00:00
23.24,23.24,22.24,23.06,334651,2019-07-05 07:00:00+00:00
22.32,23.36,22.22,23.22,532748,2019-07-08 07:00:00+00:00
21.79,22.26,21.16,22.25,993333,2019-07-09 07:00:00+00:00
22.41,22.95,21.73,21.93,716825,2019-07-10 07:00:00+00:00
22.57,23.0,22.0,23.0,506363,2019-07-11 07:00:00+00:00
22.8,22.8,22.35,22.52,433969,2019-07-12 07:00:00+00:00
23.17,23.22,22.5,22.86,655625,2019-07-15 07:00:00+00:00
23.21,23.92,22.95,23.23,561756,2019-07-16 07:00:00+00:00
23.35,23.59,22.06,23.26,618348,2019-07-17 07:00:00+00:00
23.17,24.61,22.13,22.21,1475847,2019-07-18 07:00:00+00:00
23.1,23.78,22.88,23.37,759215,2019-07-19 07:00:00+00:00
22.85,23.36,22.7,23.36,585104,2019-07-22 07:00:00+00:00
23.5,23.55,22.87,22.94,528095,2019-07-23 07:00:00+00:00
23.35,23.63,22.78,22.78,437610,2019-07-24 07:00:00+00:00
22.93,23.6,22.56,23.4,671367,2019-07-25 07:00:00+00:00
23.1,23.3,22.54,22.59,449937,2019-07-26 07:00:00+00:00
22.3,23.58,22.3,22.91,472050,2019-07-29 07:00:00+00:00
22.68,23.3,22.59,23.3,452688,2019-07-30 07:00:00+00:00
22.41,23.29,22.41,23.28,494023,2019-07-31 07:00:00+00:00
21.5,22.81,21.11,22.63,739599,2019-08-01 07:00:00+00:00
20.72,21.53,20.31,21.14,667180,2019-08-02 07:00:00+00:00
20.19,20.72,19.56,20.72,659873,2019-08-05 07:00:00+00:00
19.9,20.5,19.35,20.0,694885,2019-08-06 07:00:00+00:00
19.58,20.02,19.17,19.9,579729,2019-08-07 07:00:00+00:00
20.12,20.37,19.58,19.59,531610,2019-08-08 07:00:00+00:00
19.21,20.27,19.15,20.13,546216,2019-08-09 07:00:00+00:00
18.8,19.43,18.41,19.42,594018,2019-08-12 07:00:00+00:00
19.11,19.5,18.2,18.61,824945,2019-08-13 07:00:00+00:00
17.52,19.2,17.5,19.2,933325,2019-08-14 07:00:00+00:00
16.93,17.92,16.7,17.92,700033,2019-08-15 07:00:00+00:00
17.53,17.63,16.97,17.21,497096,2019-08-16 07:00:00+00:00
18.24,18.34,17.65,17.9,600460,2019-08-19 07:00:00+00:00
18.39,18.45,17.88,18.43,497295,2019-08-20 07:00:00+00:00
18.99,19.0,18.22,18.39,523183,2019-08-21 07:00:00+00:00
18.34,18.86,17.9,18.68,549757,2019-08-22 07:00:00+00:00
17.61,18.31,17.32,18.02,523458,2019-08-23 07:00:00+00:00
17.17,17.91,17.0,17.39,489713,2019-08-26 07:00:00+00:00
16.73,17.56,16.7,17.29,358116,2019-08-27 07:00:00+00:00
17.01,17.27,16.45,16.55,480253,2019-08-28 07:00:00+00:00
17.8,17.98,16.9,16.9,663144,2019-08-29 07:00:00+00:00
17.93,18.21,17.63,17.63,306916,2019-08-30 07:00:00+00:00
17.61,18.02,17.1,18.02,395728,2019-09-03 07:00:00+00:00
18.28,18.4,17.56,17.86,406817,2019-09-04 07:00:00+00:00
19.62,19.76,18.21,18.37,855021,2019-09-05 07:00:00+00:00
19.11,19.89,18.95,19.62,543982,2019-09-06 07:00:00+00:00
20.3,20.41,18.98,18.99,748893,2019-09-09 07:00:00+00:00
20.3,20.4,20.3,20.4,661349,2019-09-10 07:00:00+00:00
22.18,22.18,20.64,20.64,1034264,2019-09-11 07:00:00+00:00
22.56,22.56,22.3,22.3,730229,2019-09-12 07:00:00+00:00
22.89,22.89,22.45,22.45,779817,2019-09-13 07:00:00+00:00
22.56,23.16,22.56,23.16,461744,2019-09-16 07:00:00+00:00
22.03,23.0,21.56,22.6,538072,2019-09-17 07:00:00+00:00
21.67,22.12,21.36,22.06,521908,2019-09-18 07:00:00+00:00
21.94,22.2,21.23,21.36,473310,2019-09-19 07:00:00+00:00
21.7,22.15,21.3,22.0,464707,2019-09-20 07:00:00+00:00
21.3,21.69,20.45,21.22,468462,2019-09-23 07:00:00+00:00
20.62,21.57,20.45,21.57,569996,2019-09-24 07:00:00+00:00
21.5,21.8,20.45,20.54,508011,2019-09-25 07:00:00+00:00
20.99,21.7,20.65,21.5,299271,2019-09-26 07:00:00+00:00
20.61,21.22,20.46,21.0,490222,2019-09-27 07:00:00+00:00
20.07,20.87,19.97,20.87,455602,2019-09-30 07:00:00+00:00
19.86,20.81,19.73,20.37,535471,2019-10-01 07:00:00+00:00
19.3,19.91,18.81,19.67,542077,2019-10-02 07:00:00+00:00
19.05,19.43,18.71,19.2,649207,2019-10-03 07:00:00+00:00
19.45,19.47,18.95,19.4,339759,2019-10-04 07:00:00+00:00
19.25,19.77,19.16,19.17,414053,2019-10-07 07:00:00+00:00
18.49,19.22,18.45,19.21,549876,2019-10-08 07:00:00+00:00
18.41,18.89,18.19,18.73,430847,2019-10-09 07:00:00+00:00
18.69,18.99,18.44,18.44,548870,2019-10-10 07:00:00+00:00
19.28,19.49,18.61,18.96,1036725,2019-10-11 07:00:00+00:00
19.17,19.58,18.82,19.12,734714,2019-10-14 07:00:00+00:00
19.46,19.82,18.97,19.08,900653,2019-10-15 07:00:00+00:00
19.85,20.7,19.04,19.51,1284458,2019-10-16 07:00:00+00:00
20.3,21.61,19.35,19.54,1117243,2019-10-17 07:00:00+00:00
21.54,21.67,20.3,20.43,962722,2019-10-18 07:00:00+00:00
20.47,21.8,20.46,21.3,833371,2019-10-21 07:00:00+00:00
20.73,21.0,19.98,20.53,571658,2019-10-22 07:00:00+00:00
21.28,21.37,20.52,20.52,448375,2019-10-23 07:00:00+00:00
20.74,21.55,20.46,21.5,744054,2019-10-24 07:00:00+00:00
21.02,21.29,20.56,20.95,469914,2019-10-25 07:00:00+00:00
21.52,21.75,20.86,20.96,385930,2019-10-28 07:00:00+00:00
21.6,21.74,21.06,21.59,340837,2019-10-29 07:00:00+00:00
21.29,21.75,20.79,21.63,539538,2019-10-30 07:00:00+00:00
20.79,21.5,20.39,21.4,787156,2019-10-31 07:00:00+00:00
21.87,22.03,20.62,20.9,1027913,2019-11-01 07:00:00+00:00
22.91,23.0,21.78,22.07,486859,2019-11-04 07:00:00+00:00
22.59,23.46,22.12,23.0,556778,2019-11-05 07:00:00+00:00
21.9,22.8,21.9,22.37,302026,2019-11-06 07:00:00+00:00
22.56,23.04,21.8,22.1,521543,2019-11-07 07:00:00+00:00
22.53,22.91,22.27,22.37,462725,2019-11-08 07:00:00+00:00
22.22,22.64,21.75,22.64,237982,2019-11-11 07:00:00+00:00
22.18,23.01,22.07,22.35,516871,2019-11-12 07:00:00+00:00
21.22,22.35,21.0,22.35,472925,2019-11-13 07:00:00+00:00
20.99,21.42,20.75,21.42,339582,2019-11-14 07:00:00+00:00
20.89,21.39,20.45,20.88,354053,2019-11-15 07:00:00+00:00
20.76,21.22,20.01,21.09,382866,2019-11-18 07:00:00+00:00
20.57,21.0,20.45,20.99,394938,2019-11-19 07:00:00+00:00
20.37,20.97,20.25,20.7,409503,2019-11-20 07:00:00+00:00
20.15,20.65,20.11,20.54,331737,2019-11-21 07:00:00+00:00
20.56,20.92,20.2,20.37,376937,2019-11-22 07:00:00+00:00
20.44,21.0,20.4,20.63,362941,2019-11-25 07:00:00+00:00
20.47,20.8,20.15,20.64,347134,2019-11-26 07:00:00+00:00
20.6,20.79,20.18,20.48,347569,2019-11-27 07:00:00+00:00
20.35,20.79,20.16,20.79,227116,2019-11-29 07:00:00+00:00
20.33,20.95,20.33,20.42,351708,2019-12-02 07:00:00+00:00
19.79,20.57,19.51,20.57,414778,2019-12-03 07:00:00+00:00
19.76,20.14,19.61,19.61,396096,2019-12-04 07:00:00+00:00
19.87,20.04,19.71,19.98,474239,2019-12-05 07:00:00+00:00
20.6,20.88,19.8,20.0,824178,2019-12-06 07:00:00+00:00
20.25,20.8,20.14,20.79,425220,2019-12-09 07:00:00+00:00
20.65,20.72,20.0,20.4,419259,2019-12-10 07:00:00+00:00
20.64,20.9,20.44,20.86,460045,2019-12-11 07:00:00+00:00
21.26,21.41,20.3,20.7,458958,2019-12-12 07:00:00+00:00
20.69,21.6,20.61,21.57,598113,2019-12-13 07:00:00+00:00
20.98,21.38,20.6,20.63,336984,2019-12-16 07:00:00+00:00
20.71,21.05,20.52,20.6,394710,2019-12-17 07:00:00+00:00
20.95,21.03,20.52,20.66,318694,2019-12-18 07:00:00+00:00
21.47,21.7,20.75,20.86,447738,2019-12-19 07:00:00+00:00
21.23,21.69,20.99,21.66,488642,2019-12-20 07:00:00+00:00
21.48,21.7,21.28,21.44,219496,2019-12-23 07:00:00+00:00
21.58,21.91,21.2,21.75,129011,2019-12-24 07:00:00+00:00
21.45,21.66,21.25,21.58,169836,2019-12-26 07:00:00+00:00
21.58,21.77,21.36,21.36,284661,2019-12-27 07:00:00+00:00
21.34,21.67,21.31,21.41,257692,2019-12-30 07:00:00+00:00
21.51,21.66,21.01,21.01,281216,2019-12-31 07:00:00+00:00
21.51,21.66,21.01,21.01,281216,2019-12-31 07:00:00+00:00
21.42,21.84,21.31,21.7,345087,2020-01-02 07:00:00+00:00
21.5,21.6,21.11,21.42,369161,2020-01-03 07:00:00+00:00
21.0,21.49,20.91,21.28,437283,2020-01-06 07:00:00+00:00
21.32,21.54,20.9,20.9,441314,2020-01-07 07:00:00+00:00
20.46,21.39,20.42,21.03,458151,2020-01-08 07:00:00+00:00
19.81,20.84,19.75,20.69,671647,2020-01-09 07:00:00+00:00
19.45,20.07,19.35,19.98,465893,2020-01-10 07:00:00+00:00
19.61,19.89,19.16,19.41,678574,2020-01-13 07:00:00+00:00
20.37,20.52,19.58,19.83,560595,2020-01-14 07:00:00+00:00
20.18,20.63,19.3,20.4,747585,2020-01-15 07:00:00+00:00
17.78,19.79,17.73,19.74,2472845,2020-01-16 07:00:00+00:00
17.69,18.23,17.52,17.99,955936,2020-01-17 07:00:00+00:00
17.12,18.02,17.11,18.01,825226,2020-01-21 07:00:00+00:00
16.59,17.27,16.51,17.14,1149866,2020-01-22 07:00:00+00:00
16.29,16.7,15.96,16.65,930366,2020-01-23 07:00:00+00:00
15.53,16.6,15.35,16.4,948940,2020-01-24 07:00:00+00:00
14.98,15.55,14.8,15.54,849336,2020-01-27 07:00:00+00:00
14.71,15.24,14.61,14.82,653127,2020-01-28 07:00:00+00:00
14.5,14.88,14.35,14.81,503337,2020-01-29 07:00:00+00:00
14.38,14.56,13.81,14.54,1123239,2020-01-30 07:00:00+00:00
13.95,14.53,13.63,14.11,998039,2020-01-31 07:00:00+00:00
14.24,14.42,13.92,13.93,843793,2020-02-03 07:00:00+00:00
14.7,14.94,14.14,14.33,833266,2020-02-04 07:00:00+00:00
15.84,15.89,14.71,14.74,1047070,2020-02-05 07:00:00+00:00
15.92,16.33,15.65,15.95,922144,2020-02-06 07:00:00+00:00
15.55,16.09,15.33,16.09,684237,2020-02-07 07:00:00+00:00
15.42,15.77,15.16,15.77,557340,2020-02-10 07:00:00+00:00
15.74,16.21,15.31,15.5,554317,2020-02-11 07:00:00+00:00
15.76,16.2,15.58,15.58,571171,2020-02-12 07:00:00+00:00
15.75,15.77,15.46,15.72,365178,2020-02-13 07:00:00+00:00
15.67,16.0,15.16,15.75,573418,2020-02-14 07:00:00+00:00
15.98,15.98,15.48,15.51,405351,2020-02-18 07:00:00+00:00
16.7,16.79,15.81,15.91,1083706,2020-02-19 07:00:00+00:00
16.1,16.82,16.08,16.55,1152340,2020-02-20 07:00:00+00:00
16.06,16.29,15.85,16.07,793135,2020-02-21 07:00:00+00:00
15.36,16.1,14.97,16.1,635083,2020-02-24 07:00:00+00:00
14.85,15.69,14.31,15.47,682211,2020-02-25 07:00:00+00:00
14.12,14.83,14.1,14.3,713325,2020-02-26 07:00:00+00:00
13.46,14.15,13.11,14.15,1011574,2020-02-27 07:00:00+00:00
14.0,14.0,12.83,13.4,1246421,2020-02-28 07:00:00+00:00
13.73,14.49,13.12,14.1,921826,2020-03-02 07:00:00+00:00
12.94,14.04,12.71,13.86,1403994,2020-03-03 07:00:00+00:00
12.88,13.4,12.58,12.78,923770,2020-03-04 07:00:00+00:00
11.89,12.87,11.68,12.8,1532374,2020-03-05 07:00:00+00:00
11.01,11.98,10.81,11.98,1451243,2020-03-06 07:00:00+00:00
8.69,10.5,8.51,10.5,1380957,2020-03-09 07:00:00+00:00
9.26,9.73,8.56,9.51,1306524,2020-03-10 07:00:00+00:00
9.19,9.22,8.32,8.88,1092409,2020-03-11 07:00:00+00:00
7.51,8.85,7.25,8.84,1543134,2020-03-12 07:00:00+00:00
8.0,8.34,7.17,7.43,1107906,2020-03-13 07:00:00+00:00
6.82,7.939999999999999,6.74,7.939999999999999,739887,2020-03-16 07:00:00+00:00
7.0,7.36,6.62,7.36,978346,2020-03-17 07:00:00+00:00
5.75,6.9,5.28,6.61,1068022,2020-03-18 07:00:00+00:00
5.83,6.15,5.2,5.8,726086,2020-03-19 07:00:00+00:00
5.48,6.55,5.29,5.9,1345674,2020-03-20 07:00:00+00:00
5.67,5.93,5.17,5.54,1001003,2020-03-23 07:00:00+00:00
7.27,7.47,5.92,6.2,1684983,2020-03-24 07:00:00+00:00
7.09,8.5,7.05,7.64,1637520,2020-03-25 07:00:00+00:00
6.84,7.38,6.73,7.25,1619112,2020-03-26 07:00:00+00:00
6.55,6.96,6.05,6.85,1066005,2020-03-27 07:00:00+00:00
6.07,6.76,6.0,6.5,943182,2020-03-30 07:00:00+00:00
6.16,6.61,5.88,5.88,1720738,2020-03-31 07:00:00+00:00
6.25,6.6,5.74,6.12,1412524,2020-04-01 07:00:00+00:00
6.08,6.68,5.93,6.57,1328713,2020-04-02 07:00:00+00:00
5.97,6.27,5.79,6.03,1107971,2020-04-03 07:00:00+00:00
6.55,6.84,6.04,6.04,1536069,2020-04-06 07:00:00+00:00
7.03,7.74,6.64,6.64,2388272,2020-04-07 07:00:00+00:00
7.26,7.46,6.94,7.27,1001412,2020-04-08 07:00:00+00:00
7.58,8.02,7.23,7.6,1500037,2020-04-09 07:00:00+00:00
7.55,7.87,6.8100000000000005,7.8,1179032,2020-04-13 07:00:00+00:00
7.72,8.38,7.61,7.9,1488260,2020-04-14 07:00:00+00:00
7.26,7.87,7.03,7.81,1234889,2020-04-15 07:00:00+00:00
6.96,7.44,6.8,7.35,948895,2020-04-16 07:00:00+00:00
7.59,7.6,6.85,7.36,1444385,2020-04-17 07:00:00+00:00
7.45,7.85,7.25,7.6,1078364,2020-04-20 07:00:00+00:00
7.32,7.55,7.06,7.55,816704,2020-04-21 07:00:00+00:00
7.55,8.14,7.32,7.32,1275400,2020-04-22 07:00:00+00:00
7.29,8.07,7.25,7.85,2384679,2020-04-23 07:00:00+00:00
7.15,7.49,7.02,7.49,1770257,2020-04-24 07:00:00+00:00
7.37,7.48,7.01,7.43,1306468,2020-04-27 07:00:00+00:00
7.84,8.1,7.22,7.49,1816170,2020-04-28 07:00:00+00:00
8.67,8.89,7.9,8.01,1596901,2020-04-29 07:00:00+00:00
8.15,9.8,8.09,8.98,1604666,2020-04-30 07:00:00+00:00
7.689999999999999,8.16,7.59,8.14,1349793,2020-05-01 07:00:00+00:00
7.8,7.89,7.2,7.87,1099825,2020-05-04 07:00:00+00:00
7.81,8.39,7.73,8.02,1257611,2020-05-05 07:00:00+00:00
7.71,8.0,7.59,7.7,969819,2020-05-06 07:00:00+00:00
7.49,8.01,7.37,7.8,1429229,2020-05-07 07:00:00+00:00
8.07,8.09,7.47,7.47,1434622,2020-05-08 07:00:00+00:00
7.77,8.15,7.66,8.05,874057,2020-05-11 07:00:00+00:00
7.29,7.96,7.26,7.81,1117674,2020-05-12 07:00:00+00:00
6.98,7.46,6.88,7.37,1401838,2020-05-13 07:00:00+00:00
6.8100000000000005,7.16,6.38,7.07,1550646,2020-05-14 07:00:00+00:00
6.66,7.04,6.63,7.04,1113420,2020-05-15 07:00:00+00:00
7.8,7.86,6.74,7.08,2144168,2020-05-18 07:00:00+00:00
7.74,8.19,7.58,7.82,1630014,2020-05-19 07:00:00+00:00
8.35,8.43,7.78,7.78,1655840,2020-05-20 07:00:00+00:00
8.28,8.67,8.03,8.49,1018245,2020-05-21 07:00:00+00:00
8.21,8.36,8.03,8.33,822122,2020-05-22 07:00:00+00:00
8.76,8.99,8.28,8.45,1392690,2020-05-26 07:00:00+00:00
9.76,9.95,8.76,9.0,1652733,2020-05-27 07:00:00+00:00
9.48,10.66,9.38,9.8,2420582,2020-05-28 07:00:00+00:00
9.21,9.67,8.98,9.35,1167530,2020-05-29 07:00:00+00:00
9.49,9.7,9.15,9.22,1109853,2020-06-01 07:00:00+00:00
9.92,10.03,9.33,9.59,1171831,2020-06-02 07:00:00+00:00
10.77,10.89,9.93,10.1,1378613,2020-06-03 07:00:00+00:00
11.64,11.7,10.48,10.92,1866664,2020-06-04 07:00:00+00:00
12.07,13.82,11.58,11.9,3893959,2020-06-05 07:00:00+00:00
12.98,13.16,11.83,12.24,2260657,2020-06-08 07:00:00+00:00
12.59,13.3,12.0,13.0,1580368,2020-06-09 07:00:00+00:00
12.17,12.7,11.94,12.39,1787582,2020-06-10 07:00:00+00:00
10.42,11.97,10.27,11.93,1790122,2020-06-11 07:00:00+00:00
11.53,11.73,10.55,10.55,1925578,2020-06-12 07:00:00+00:00
11.42,11.53,10.54,11.0,1480497,2020-06-15 07:00:00+00:00
11.55,12.3,11.29,11.69,1670093,2020-06-16 07:00:00+00:00
11.55,11.81,11.55,11.55,1331280,2020-06-17 07:00:00+00:00
11.65,11.93,11.14,11.55,1108968,2020-06-18 07:00:00+00:00
11.44,12.0,11.35,11.95,1470540,2020-06-19 07:00:00+00:00
11.83,11.9,11.22,11.6,1091658,2020-06-22 07:00:00+00:00
12.2,12.49,11.66,11.83,1252939,2020-06-23 07:00:00+00:00
11.14,12.37,10.9,12.2,1344067,2020-06-24 07:00:00+00:00
11.7,11.83,10.42,11.14,1176694,2020-06-25 07:00:00+00:00
10.98,11.84,10.9,11.65,1718932,2020-06-26 07:00:00+00:00
11.08,11.25,10.7,11.08,1408391,2020-06-29 07:00:00+00:00
11.23,11.35,10.75,11.01,1131193,2020-06-30 07:00:00+00:00
10.98,11.65,10.9,11.4,1380902,2020-07-01 07:00:00+00:00
10.97,11.65,10.87,10.98,1296711,2020-07-02 07:00:00+00:00
11.47,11.57,11.0,11.2,1199173,2020-07-06 07:00:00+00:00
11.23,11.63,11.13,11.55,879636,2020-07-07 07:00:00+00:00
11.09,12.17,10.9,11.22,2215993,2020-07-08 07:00:00+00:00
10.52,11.22,10.47,11.19,1332543,2020-07-09 07:00:00+00:00
11.41,11.44,10.32,10.55,1509654,2020-07-10 07:00:00+00:00
11.51,11.97,11.29,11.52,1273983,2020-07-13 07:00:00+00:00
11.75,12.79,11.25,11.75,1804393,2020-07-14 07:00:00+00:00
11.51,14.04,11.51,12.85,2026136,2020-07-15 07:00:00+00:00
13.49,13.7,12.76,13.35,2603082,2020-07-16 07:00:00+00:00
13.06,13.85,12.78,13.26,1711915,2020-07-17 07:00:00+00:00
12.72,13.2,12.71,13.0,941939,2020-07-20 07:00:00+00:00
13.16,13.26,12.75,12.76,1061133,2020-07-21 07:00:00+00:00
13.07,13.39,13.01,13.16,853011,2020-07-22 07:00:00+00:00
12.71,13.3,12.63,13.05,1082350,2020-07-23 07:00:00+00:00
12.75,12.85,12.2,12.72,851839,2020-07-24 07:00:00+00:00
13.24,13.3,12.54,12.55,823592,2020-07-27 07:00:00+00:00
12.91,13.3,12.81,13.03,783575,2020-07-28 07:00:00+00:00
13.18,13.35,12.81,12.9,743233,2020-07-29 07:00:00+00:00
13.18,13.31,12.48,13.3,957475,2020-07-30 07:00:00+00:00
13.0,13.29,12.48,13.29,1396144,2020-07-31 07:00:00+00:00
13.68,13.78,12.75,12.75,952863,2020-08-03 07:00:00+00:00
13.67,13.85,13.31,13.64,948664,2020-08-04 07:00:00+00:00
14.68,14.84,13.51,13.51,1431662,2020-08-05 07:00:00+00:00
14.9,15.48,14.35,14.5,1964991,2020-08-06 07:00:00+00:00
14.67,15.1,14.23,15.1,1100415,2020-08-07 07:00:00+00:00
15.57,16.06,14.47,14.6,1335456,2020-08-10 07:00:00+00:00
14.89,16.21,14.84,15.78,1647559,2020-08-11 07:00:00+00:00
14.96,15.4,14.82,15.0,826022,2020-08-12 07:00:00+00:00
14.48,15.11,14.41,14.97,798691,2020-08-13 07:00:00+00:00
14.64,14.77,14.19,14.62,667665,2020-08-14 07:00:00+00:00
14.5,14.89,14.37,14.77,523070,2020-08-17 07:00:00+00:00
14.76,14.97,14.42,14.54,790925,2020-08-18 07:00:00+00:00
15.31,15.94,14.54,14.54,1505542,2020-08-19 07:00:00+00:00
15.19,15.5,14.74,15.37,508753,2020-08-20 07:00:00+00:00
14.6,15.4,14.52,15.31,856152,2020-08-21 07:00:00+00:00
15.12,15.55,14.51,14.87,770927,2020-08-24 07:00:00+00:00
15.05,15.27,14.82,15.11,486393,2020-08-25 07:00:00+00:00
15.07,15.44,14.9,15.16,503942,2020-08-26 07:00:00+00:00
14.84,15.32,14.67,15.01,619977,2020-08-27 07:00:00+00:00
15.12,15.18,14.78,14.94,726782,2020-08-28 07:00:00+00:00
14.62,15.3,14.57,15.0,647697,2020-08-31 07:00:00+00:00
15.09,15.16,14.25,14.61,800138,2020-09-01 07:00:00+00:00
14.67,15.32,14.42,15.05,1071284,2020-09-02 07:00:00+00:00
14.23,14.85,14.03,14.85,945172,2020-09-03 07:00:00+00:00
14.4,14.67,13.91,14.25,961790,2020-09-04 07:00:00+00:00
14.23,14.78,13.7,14.5,1004601,2020-09-08 07:00:00+00:00
14.1,14.45,14.04,14.04,552711,2020-09-09 07:00:00+00:00
13.78,14.35,13.73,14.13,702185,2020-09-10 07:00:00+00:00
13.98,14.47,13.58,14.47,658051,2020-09-11 07:00:00+00:00
14.05,14.33,13.87,13.95,489596,2020-09-14 07:00:00+00:00
13.78,14.38,13.78,14.3,715737,2020-09-15 07:00:00+00:00
13.9,14.1,13.73,14.06,1151212,2020-09-16 07:00:00+00:00
13.5,13.91,13.22,13.9,1020430,2020-09-17 07:00:00+00:00
13.32,13.8,13.2,13.5,1117425,2020-09-18 07:00:00+00:00
12.3,13.88,11.99,13.88,1160780,2020-09-21 07:00:00+00:00
12.21,12.5,11.89,12.35,1184186,2020-09-22 07:00:00+00:00
11.64,12.39,11.58,12.17,1769539,2020-09-23 07:00:00+00:00
11.7,11.92,11.4,11.83,1073708,2020-09-24 07:00:00+00:00
11.55,11.99,11.3,11.57,887860,2020-09-25 07:00:00+00:00
12.24,12.31,11.55,11.55,859291,2020-09-28 07:00:00+00:00
11.67,12.38,11.54,12.22,880634,2020-09-29 07:00:00+00:00
11.63,12.09,11.51,11.51,934168,2020-09-30 07:00:00+00:00
11.39,11.9,11.29,11.61,1143641,2020-10-01 07:00:00+00:00
11.82,11.95,11.0,11.51,848327,2020-10-02 07:00:00+00:00
11.93,12.18,11.67,11.67,785045,2020-10-05 07:00:00+00:00
11.67,12.45,11.65,11.72,1018452,2020-10-06 07:00:00+00:00
12.24,12.3,11.79,11.91,599597,2020-10-07 07:00:00+00:00
12.73,12.78,12.2,12.25,812485,2020-10-08 07:00:00+00:00
12.52,13.0,12.26,13.0,1478420,2020-10-09 07:00:00+00:00
12.59,12.76,12.35,12.74,867958,2020-10-12 07:00:00+00:00
12.72,12.82,12.37,12.69,1433959,2020-10-13 07:00:00+00:00
13.0,13.4,12.16,12.8,1331549,2020-10-14 07:00:00+00:00
12.3,12.93,11.42,12.69,1902587,2020-10-15 07:00:00+00:00
12.62,12.66,12.05,12.28,1167208,2020-10-16 07:00:00+00:00
12.63,13.21,12.56,12.8,965939,2020-10-19 07:00:00+00:00
12.8,13.1,12.73,12.93,570957,2020-10-20 07:00:00+00:00
13.32,13.59,12.71,12.71,1082702,2020-10-21 07:00:00+00:00
13.66,13.69,13.03,13.46,1171329,2020-10-22 07:00:00+00:00
13.47,14.13,13.47,13.86,731478,2020-10-23 07:00:00+00:00
13.0,13.49,12.88,13.48,590602,2020-10-26 07:00:00+00:00
13.03,13.2,12.78,12.9,622653,2020-10-27 07:00:00+00:00
12.36,13.13,12.31,13.13,792766,2020-10-28 07:00:00+00:00
12.75,12.9,12.18,12.4,474586,2020-10-29 07:00:00+00:00
12.92,13.03,12.5,12.55,609969,2020-10-30 07:00:00+00:00
13.61,13.7,12.65,12.65,521521,2020-11-02 07:00:00+00:00
13.83,14.12,13.58,13.85,616775,2020-11-03 07:00:00+00:00
13.19,14.09,12.85,13.7,783827,2020-11-04 07:00:00+00:00
14.05,14.28,13.05,13.33,782632,2020-11-05 07:00:00+00:00
14.44,14.55,13.77,13.77,565947,2020-11-06 07:00:00+00:00
15.73,16.18,14.3,14.82,1380549,2020-11-09 07:00:00+00:00
15.99,16.14,15.44,15.44,979529,2020-11-10 07:00:00+00:00
15.89,16.39,15.61,16.0,680836,2020-11-11 07:00:00+00:00
15.62,16.09,15.18,15.56,691399,2020-11-12 07:00:00+00:00
16.57,16.64,15.45,15.45,693817,2020-11-13 07:00:00+00:00
17.66,17.66,16.56,16.56,841266,2020-11-16 07:00:00+00:00
18.27,18.29,16.82,17.5,815686,2020-11-17 07:00:00+00:00
18.33,18.84,17.67,17.93,722332,2020-11-18 07:00:00+00:00
18.93,19.0,18.09,18.63,600307,2020-11-19 07:00:00+00:00
18.82,19.22,18.37,18.55,590384,2020-11-20 07:00:00+00:00
19.81,20.09,18.8,18.82,722738,2020-11-23 07:00:00+00:00
20.82,20.99,19.9,19.99,887381,2020-11-24 07:00:00+00:00
20.37,21.09,20.25,20.9,653821,2020-11-25 07:00:00+00:00
20.48,21.19,20.27,20.77,406673,2020-11-27 07:00:00+00:00
19.95,20.6,19.65,20.5,721262,2020-11-30 07:00:00+00:00
21.83,22.12,19.88,20.06,1171670,2020-12-01 07:00:00+00:00
22.37,22.5,21.3,21.86,1145174,2020-12-02 07:00:00+00:00
22.04,22.88,21.9,22.42,879661,2020-12-03 07:00:00+00:00
23.73,24.17,21.89,21.99,1528724,2020-12-04 07:00:00+00:00
23.39,24.03,22.8,23.79,1003353,2020-12-07 07:00:00+00:00
23.29,23.68,22.93,23.54,662876,2020-12-08 07:00:00+00:00
22.71,23.99,22.02,23.71,1152383,2020-12-09 07:00:00+00:00
24.01,24.1,22.4,22.9,742314,2020-12-10 07:00:00+00:00
22.84,24.19,22.2,24.05,658513,2020-12-11 07:00:00+00:00
21.76,23.4,21.67,22.9,702137,2020-12-14 07:00:00+00:00
22.17,22.54,20.7,21.98,519049,2020-12-15 07:00:00+00:00
21.58,22.49,21.31,22.33,591957,2020-12-16 07:00:00+00:00
22.18,23.17,21.6,21.88,1203747,2020-12-17 07:00:00+00:00
22.01,22.61,21.87,21.89,590123,2020-12-18 07:00:00+00:00
22.11,22.76,20.5,22.19,782977,2020-12-21 07:00:00+00:00
21.61,22.22,21.51,21.82,317212,2020-12-22 07:00:00+00:00
22.22,22.65,21.53,21.8,481034,2020-12-23 07:00:00+00:00
21.96,22.77,21.81,22.77,137151,2020-12-24 07:00:00+00:00
22.24,23.0,21.74,21.81,449136,2020-12-28 07:00:00+00:00
22.04,22.57,21.16,22.16,396829,2020-12-29 07:00:00+00:00
22.95,23.16,21.94,22.25,383704,2020-12-30 07:00:00+00:00
23.05,23.42,22.48,22.55,424605,2020-12-31 07:00:00+00:00
23.05,23.42,22.48,22.55,424605,2020-12-31 07:00:00+00:00
23.25,24.48,22.6,22.69,496102,2021-01-04 07:00:00+00:00
23.67,24.12,23.11,23.45,626391,2021-01-05 07:00:00+00:00
25.21,25.85,23.56,23.71,791919,2021-01-06 07:00:00+00:00
25.23,26.18,24.99,25.74,680039,2021-01-07 07:00:00+00:00
24.99,25.72,24.53,25.07,423600,2021-01-08 07:00:00+00:00
24.56,25.1,23.6,24.67,373064,2021-01-11 07:00:00+00:00
25.08,25.45,24.5,24.81,358646,2021-01-12 07:00:00+00:00
24.44,25.33,24.3,25.33,293190,2021-01-13 07:00:00+00:00
25.09,25.38,24.44,24.48,346269,2021-01-14 07:00:00+00:00
23.28,25.2,22.98,25.1,762554,2021-01-15 07:00:00+00:00
23.09,24.23,22.87,23.0,943988,2021-01-19 07:00:00+00:00
22.84,23.75,21.9,23.07,752083,2021-01-20 07:00:00+00:00
20.01,22.59,20.0,22.31,4947809,2021-01-21 07:00:00+00:00
19.4,20.14,19.16,20.09,1399198,2021-01-22 07:00:00+00:00
19.34,19.86,18.58,19.3,1508311,2021-01-25 07:00:00+00:00
18.56,19.62,18.55,19.01,1182469,2021-01-26 07:00:00+00:00
18.66,19.3,17.32,18.86,1472888,2021-01-27 07:00:00+00:00
18.5,19.38,17.24,18.47,1453201,2021-01-28 07:00:00+00:00
18.0,18.87,17.78,18.68,1149871,2021-01-29 07:00:00+00:00
18.82,18.85,17.79,18.3,1247840,2021-02-01 07:00:00+00:00
19.11,19.38,18.81,18.9,1415717,2021-02-02 07:00:00+00:00
19.9,20.18,18.86,19.32,1564527,2021-02-03 07:00:00+00:00
20.36,20.44,19.62,19.98,1202925,2021-02-04 07:00:00+00:00
20.95,20.97,20.19,20.26,1861459,2021-02-05 07:00:00+00:00
21.8,21.97,20.86,21.28,1563065,2021-02-08 07:00:00+00:00
21.76,22.34,21.5,21.75,1031952,2021-02-09 07:00:00+00:00
21.56,22.11,21.05,21.7,961212,2021-02-10 07:00:00+00:00
21.39,21.73,20.97,21.73,632665,2021-02-11 07:00:00+00:00
21.66,21.75,20.97,21.31,511008,2021-02-12 07:00:00+00:00
22.43,22.62,21.66,22.07,787662,2021-02-16 07:00:00+00:00
21.93,22.7,21.7,22.37,865322,2021-02-17 07:00:00+00:00
21.12,22.25,21.08,22.07,858530,2021-02-18 07:00:00+00:00
23.13,23.33,21.25,21.76,1403875,2021-02-19 07:00:00+00:00
24.8,25.47,22.65,23.01,1761046,2021-02-22 07:00:00+00:00
24.9,25.28,21.83,24.82,1471186,2021-02-23 07:00:00+00:00
27.2,27.29,24.52,24.57,1855804,2021-02-24 07:00:00+00:00
25.56,27.77,25.12,27.33,2160569,2021-02-25 07:00:00+00:00
24.55,25.8,23.65,25.25,1357245,2021-02-26 07:00:00+00:00
25.99,26.36,24.46,24.52,896765,2021-03-01 04:00:00+00:00
27.5,27.87,25.6,26.13,1323502,2021-03-02 04:00:00+00:00
30.83,31.36,27.45,27.6,2783401,2021-03-03 04:00:00+00:00
28.59,31.0,27.37,29.59,1990721,2021-03-04 04:00:00+00:00
28.99,30.5,27.42,28.35,1412344,2021-03-05 04:00:00+00:00
28.47,30.14,28.01,29.49,863705,2021-03-08 04:00:00+00:00
29.94,30.05,28.24,28.59,1490604,2021-03-09 04:00:00+00:00
31.98,32.41,29.7,29.99,1403343,2021-03-10 04:00:00+00:00
32.13,33.31,31.7,32.02,1498907,2021-03-11 04:00:00+00:00
31.51,32.49,31.29,32.19,974530,2021-03-12 04:00:00+00:00
31.04,31.98,30.34,31.56,860985,2021-03-15 04:00:00+00:00
29.52,31.26,29.3,31.11,781458,2021-03-16 04:00:00+00:00
31.81,31.99,29.48,29.6,1144705,2021-03-17 04:00:00+00:00
31.19,33.45,30.96,31.89,1237192,2021-03-18 04:00:00+00:00
31.14,32.32,30.1,31.5,1017937,2021-03-19 04:00:00+00:00
30.43,31.52,30.09,31.33,789054,2021-03-22 04:00:00+00:00
28.2,30.62,27.11,30.4,1622338,2021-03-23 04:00:00+00:00
28.76,30.48,27.69,28.04,1582299,2021-03-24 04:00:00+00:00
29.66,29.8,27.58,28.95,1149134,2021-03-25 04:00:00+00:00
32.78,32.95,29.5,29.75,1551561,2021-03-26 04:00:00+00:00
32.04,33.98,31.87,32.63,1399260,2021-03-29 04:00:00+00:00
32.97,33.25,31.35,32.19,720857,2021-03-30 04:00:00+00:00
32.49,34.29,32.11,33.33,980722,2021-03-31 04:00:00+00:00
32.23,32.88,31.5,32.54,938023,2021-04-01 04:00:00+00:00
31.55,32.78,31.51,32.25,678418,2021-04-05 04:00:00+00:00
31.31,33.06,31.11,31.53,966716,2021-04-06 04:00:00+00:00
31.52,31.97,31.12,31.45,699060,2021-04-07 04:00:00+00:00
31.45,31.93,30.03,31.68,837444,2021-04-08 04:00:00+00:00
31.36,31.66,30.51,31.66,622182,2021-04-09 04:00:00+00:00
31.77,31.85,30.79,30.92,598824,2021-04-12 04:00:00+00:00
31.24,32.17,30.86,31.85,618311,2021-04-13 04:00:00+00:00
33.39,34.22,31.3,31.47,1254472,2021-04-14 04:00:00+00:00
32.84,34.09,32.19,33.68,995567,2021-04-15 04:00:00+00:00
35.63,36.0,33.5,33.93,1884169,2021-04-16 04:00:00+00:00
36.03,36.55,34.83,35.24,1365689,2021-04-19 04:00:00+00:00
32.98,36.35,32.39,36.08,1686686,2021-04-20 04:00:00+00:00
34.26,34.65,32.51,32.82,1223974,2021-04-21 04:00:00+00:00
33.21,34.75,33.18,34.66,716894,2021-04-22 04:00:00+00:00
34.71,34.86,33.3,33.41,666254,2021-04-23 04:00:00+00:00
36.8,37.05,34.6,34.75,1063494,2021-04-26 04:00:00+00:00
36.75,37.68,35.84,36.89,928777,2021-04-27 04:00:00+00:00
36.49,36.94,36.28,36.81,423427,2021-04-28 04:00:00+00:00
37.17,37.5,36.37,36.82,659829,2021-04-29 04:00:00+00:00
36.64,38.06,36.43,36.55,694607,2021-04-30 04:00:00+00:00
37.61,38.06,36.05,37.52,637750,2021-05-03 04:00:00+00:00
39.07,39.27,37.62,38.38,834118,2021-05-04 04:00:00+00:00
40.6,40.87,38.65,39.13,1241125,2021-05-05 04:00:00+00:00
39.89,41.48,39.28,40.34,897934,2021-05-06 04:00:00+00:00
41.2,41.38,39.25,39.78,605719,2021-05-07 04:00:00+00:00
41.04,44.42,41.0,42.06,1463000,2021-05-10 04:00:00+00:00
41.32,42.67,38.96,42.42,1292536,2021-05-11 04:00:00+00:00
39.51,42.21,39.16,41.34,1429785,2021-05-12 04:00:00+00:00
39.13,40.95,37.29,40.08,1152230,2021-05-13 04:00:00+00:00
39.7,39.98,38.65,39.01,737063,2021-05-14 04:00:00+00:00
40.68,40.79,38.6,39.65,753251,2021-05-17 04:00:00+00:00
39.84,41.69,39.62,41.0,915083,2021-05-18 04:00:00+00:00
36.17,39.99,35.39,39.99,2846189,2021-05-19 04:00:00+00:00
35.82,36.56,35.27,36.39,1184877,2021-05-20 04:00:00+00:00
36.14,37.09,35.63,36.08,994159,2021-05-21 04:00:00+00:00
36.5,36.79,35.44,35.93,972233,2021-05-24 04:00:00+00:00
35.15,36.93,34.95,36.71,1101558,2021-05-25 04:00:00+00:00
36.55,36.59,35.11,35.3,825509,2021-05-26 04:00:00+00:00
39.01,39.13,36.3,36.61,1265677,2021-05-27 04:00:00+00:00
39.67,39.85,38.22,39.37,774225,2021-05-28 04:00:00+00:00
40.8,41.15,39.9,39.94,1078774,2021-06-01 04:00:00+00:00
39.99,41.08,39.46,40.71,778041,2021-06-02 04:00:00+00:00
38.63,40.09,38.26,39.91,819874,2021-06-03 04:00:00+00:00
38.77,39.58,38.34,38.63,473459,2021-06-04 04:00:00+00:00
37.84,38.91,37.38,38.77,991234,2021-06-07 04:00:00+00:00
38.57,38.91,36.72,37.89,672735,2021-06-08 04:00:00+00:00
38.08,38.8,37.5,38.8,725972,2021-06-09 04:00:00+00:00
37.49,38.77,37.24,37.93,146264,2021-06-10 04:00:00+00:00
37.4,38.56,37.12,37.61,598497,2021-06-11 04:00:00+00:00
36.94,37.77,36.46,37.41,633838,2021-06-14 04:00:00+00:00
36.19,36.99,34.77,36.75,1333877,2021-06-15 04:00:00+00:00
35.36,36.29,34.7,36.2,1323036,2021-06-16 04:00:00+00:00
33.58,35.32,32.64,35.26,2008404,2021-06-17 04:00:00+00:00
32.08,33.87,31.91,33.84,1321938,2021-06-18 04:00:00+00:00
33.09,33.33,32.04,32.04,1062589,2021-06-21 04:00:00+00:00
33.91,34.15,32.78,33.04,1178041,2021-06-22 04:00:00+00:00
35.04,35.95,33.7,33.7,1601586,2021-06-23 04:00:00+00:00
36.35,36.66,35.11,35.34,989173,2021-06-24 04:00:00+00:00
35.8,37.1,35.8,36.73,1401120,2021-06-25 04:00:00+00:00
36.09,36.62,35.68,35.8,1295752,2021-06-28 04:00:00+00:00
37.53,37.99,35.96,36.33,1339540,2021-06-29 04:00:00+00:00
36.84,38.0,36.64,37.53,972994,2021-06-30 04:00:00+00:00
36.96,37.69,36.46,36.85,790257,2021-07-01 04:00:00+00:00
37.92,38.5,36.0,37.17,1194960,2021-07-02 04:00:00+00:00
36.47,38.37,36.22,37.89,1567995,2021-07-06 04:00:00+00:00
36.23,37.23,35.83,36.2,803070,2021-07-07 04:00:00+00:00
35.36,36.12,34.09,35.9,834684,2021-07-08 04:00:00+00:00
37.44,37.79,35.4,35.43,973663,2021-07-09 04:00:00+00:00
37.29,37.94,36.6,37.5,672678,2021-07-12 04:00:00+00:00
35.62,37.59,35.22,37.47,1207106,2021-07-13 04:00:00+00:00
35.14,36.89,34.94,35.75,1154034,2021-07-14 04:00:00+00:00
34.54,35.94,34.24,35.17,1604080,2021-07-15 04:00:00+00:00
32.95,35.64,32.74,34.57,1855677,2021-07-16 04:00:00+00:00
31.62,33.36,31.01,33.36,2085642,2021-07-19 04:00:00+00:00
34.95,35.26,31.25,31.79,2556097,2021-07-20 04:00:00+00:00
37.09,37.41,34.86,34.96,1976446,2021-07-21 04:00:00+00:00
37.23,37.48,36.09,36.96,1082995,2021-07-22 04:00:00+00:00
37.06,37.86,36.5,37.39,850862,2021-07-23 04:00:00+00:00
38.96,39.1,36.69,36.69,1157927,2021-07-26 04:00:00+00:00
38.27,39.05,37.38,39.05,870652,2021-07-27 04:00:00+00:00
38.23,38.9,37.84,37.84,1155155,2021-07-28 04:00:00+00:00
39.37,39.99,38.2,38.24,924651,2021-07-29 04:00:00+00:00
40.15,40.66,38.92,38.92,974374,2021-07-30 04:00:00+00:00
39.4,41.63,39.3,40.18,1082578,2021-08-02 04:00:00+00:00
40.38,40.45,38.0,39.73,916161,2021-08-03 04:00:00+00:00
38.75,40.49,38.52,40.39,825016,2021-08-04 04:00:00+00:00
38.75,39.33,38.3,38.81,604728,2021-08-05 04:00:00+00:00
40.71,40.93,38.64,38.64,856729,2021-08-06 04:00:00+00:00
40.53,41.49,39.5,40.42,860393,2021-08-09 04:00:00+00:00
43.87,44.14,40.42,40.62,1590419,2021-08-10 04:00:00+00:00
44.66,44.75,43.16,44.07,1139161,2021-08-11 04:00:00+00:00
45.15,45.39,43.77,44.63,1229818,2021-08-12 04:00:00+00:00
45.25,45.77,44.86,44.86,829928,2021-08-13 04:00:00+00:00
43.42,45.3,42.84,44.83,698105,2021-08-16 04:00:00+00:00
41.61,43.45,40.36,43.41,1373249,2021-08-17 04:00:00+00:00
41.49,42.33,40.78,41.65,962058,2021-08-18 04:00:00+00:00
36.92,41.14,36.6,40.93,2817179,2021-08-19 04:00:00+00:00
37.71,38.19,36.81,36.99,1260060,2021-08-20 04:00:00+00:00
41.11,41.44,37.63,37.67,1635578,2021-08-23 04:00:00+00:00
42.13,43.02,40.91,41.23,817334,2021-08-24 04:00:00+00:00
42.06,42.69,41.65,42.18,544284,2021-08-25 04:00:00+00:00
41.42,42.57,41.3,41.89,524683,2021-08-26 04:00:00+00:00
44.13,44.3,41.4,41.46,840416,2021-08-27 04:00:00+00:00
44.05,44.95,43.23,44.13,671915,2021-08-30 04:00:00+00:00
44.37,44.94,42.9,44.03,843464,2021-08-31 04:00:00+00:00
45.6,46.22,42.46,44.45,1471993,2021-09-01 04:00:00+00:00
46.91,48.24,45.67,46.15,1028235,2021-09-02 04:00:00+00:00
47.21,47.65,46.09,46.99,667956,2021-09-03 04:00:00+00:00
46.77,49.28,46.47,47.8,952261,2021-09-07 04:00:00+00:00
45.73,47.75,45.41,46.75,827902,2021-09-08 04:00:00+00:00
47.51,47.88,45.43,45.7,1063515,2021-09-09 04:00:00+00:00
49.5,50.33,47.48,47.48,1878355,2021-09-10 04:00:00+00:00
49.22,51.3,48.95,49.39,1285510,2021-09-13 04:00:00+00:00
48.0,49.25,47.63,49.25,1093102,2021-09-14 04:00:00+00:00
51.68,51.89,48.08,48.08,1250329,2021-09-15 04:00:00+00:00
49.41,51.8,48.65,51.43,1047927,2021-09-16 04:00:00+00:00
48.83,49.84,47.48,49.29,1244073,2021-09-17 04:00:00+00:00
48.46,48.5,45.27,48.04,1462429,2021-09-20 04:00:00+00:00
45.6,49.44,44.5,48.49,2078104,2021-09-21 04:00:00+00:00
47.95,49.37,45.84,45.84,1710989,2021-09-22 04:00:00+00:00
48.56,49.44,47.77,48.16,904265,2021-09-23 04:00:00+00:00
48.49,49.08,47.77,48.41,819405,2021-09-24 04:00:00+00:00
51.56,51.7,48.39,49.24,1026607,2021-09-27 04:00:00+00:00
50.98,52.43,50.16,51.37,981429,2021-09-28 04:00:00+00:00
50.58,52.04,50.17,51.34,544156,2021-09-29 04:00:00+00:00
48.94,51.3,48.74,51.23,755604,2021-09-30 04:00:00+00:00
49.77,49.95,47.95,48.43,959924,2021-10-01 04:00:00+00:00
49.18,51.19,49.03,49.47,485685,2021-10-04 04:00:00+00:00
49.05,49.8,48.43,49.34,663429,2021-10-05 04:00:00+00:00
47.05,48.93,45.81,48.93,1035902,2021-10-06 04:00:00+00:00
47.05,48.03,47.01,47.35,651142,2021-10-07 04:00:00+00:00
46.03,47.4,45.88,47.39,834494,2021-10-08 04:00:00+00:00
47.29,49.35,46.02,46.17,880226,2021-10-11 04:00:00+00:00
47.78,49.36,47.07,47.4,720524,2021-10-12 04:00:00+00:00
48.4,48.65,47.47,47.95,713826,2021-10-13 04:00:00+00:00
48.6,51.63,47.5,48.87,1719758,2021-10-14 04:00:00+00:00
56.0,56.9,50.68,51.1,4034763,2021-10-15 04:00:00+00:00
57.24,57.53,54.9,56.71,1273519,2021-10-18 04:00:00+00:00
53.68,58.42,53.53,57.54,1684269,2021-10-19 04:00:00+00:00
52.51,53.88,52.04,53.66,1113329,2021-10-20 04:00:00+00:00
52.51,52.51,49.7,52.29,1261581,2021-10-21 04:00:00+00:00
49.25,50.97,48.89,49.76,1259167,2021-10-22 04:00:00+00:00
51.17,52.12,49.35,49.51,1368898,2021-10-25 04:00:00+00:00
49.55,51.7,49.27,51.49,811792,2021-10-26 04:00:00+00:00
45.89,49.95,45.5,49.53,1947812,2021-10-27 04:00:00+00:00
46.45,47.48,45.52,46.21,1306271,2021-10-28 04:00:00+00:00
45.95,47.21,45.39,46.46,1066540,2021-10-29 04:00:00+00:00
46.73,47.54,45.2,45.89,1692220,2021-11-01 04:00:00+00:00
47.08,47.46,45.91,47.04,987183,2021-11-02 04:00:00+00:00
47.43,48.65,46.78,47.37,818216,2021-11-03 04:00:00+00:00
46.37,47.94,45.3,47.73,1412398,2021-11-04 04:00:00+00:00
47.86,48.09,45.6,46.24,1789169,2021-11-05 04:00:00+00:00
48.86,50.61,47.9,48.0,1361994,2021-11-08 04:00:00+00:00
47.24,49.22,46.75,48.74,760894,2021-11-09 04:00:00+00:00
46.17,47.68,45.61,47.18,1176904,2021-11-10 04:00:00+00:00
51.21,51.7,46.24,46.38,2050687,2021-11-11 04:00:00+00:00
51.92,52.54,50.45,51.37,1148386,2021-11-12 04:00:00+00:00
50.63,52.35,49.54,51.98,891962,2021-11-15 04:00:00+00:00
48.2,50.66,48.0,50.66,1019059,2021-11-16 04:00:00+00:00
47.92,49.5,47.87,48.67,765569,2021-11-17 04:00:00+00:00
47.7,48.15,46.53,47.81,535671,2021-11-18 04:00:00+00:00
47.6,48.7,46.68,48.11,765463,2021-11-19 04:00:00+00:00
48.51,49.69,47.31,47.7,737280,2021-11-22 04:00:00+00:00
49.02,50.2,47.92,48.59,751111,2021-11-23 04:00:00+00:00
50.46,51.33,48.39,48.97,1043261,2021-11-24 04:00:00+00:00
47.95,49.97,45.82,49.66,846939,2021-11-26 04:00:00+00:00
49.14,49.93,47.77,48.29,837994,2021-11-29 04:00:00+00:00
46.53,49.35,45.57,48.84,1288462,2021-11-30 04:00:00+00:00
43.78,48.03,43.77,47.16,1563236,2021-12-01 04:00:00+00:00
44.82,45.3,43.75,44.34,809753,2021-12-02 04:00:00+00:00
44.07,45.51,43.26,44.83,844110,2021-12-03 04:00:00+00:00
45.56,46.71,44.02,44.5,1199823,2021-12-06 04:00:00+00:00
46.94,48.03,45.99,46.0,906264,2021-12-07 04:00:00+00:00
48.56,48.72,46.65,47.08,737084,2021-12-08 04:00:00+00:00
49.98,50.96,47.38,48.59,1497066,2021-12-09 04:00:00+00:00
48.8,50.47,47.85,50.06,779681,2021-12-10 04:00:00+00:00
47.78,51.35,47.21,49.11,765783,2021-12-13 04:00:00+00:00
50.46,51.07,48.4,50.0,2247696,2021-12-14 04:00:00+00:00
50.97,51.0,48.08,50.32,2065399,2021-12-15 04:00:00+00:00
52.59,54.14,50.84,51.1,2102709,2021-12-16 04:00:00+00:00
53.73,53.95,50.93,52.94,1978962,2021-12-17 04:00:00+00:00
53.11,53.38,51.36,52.83,1200688,2021-12-20 04:00:00+00:00
56.79,57.23,53.25,53.52,1694315,2021-12-21 04:00:00+00:00
59.31,60.54,56.61,57.11,1281463,2021-12-22 04:00:00+00:00
59.35,60.59,58.48,59.59,871187,2021-12-23 04:00:00+00:00
59.82,60.29,57.23,59.61,718601,2021-12-27 04:00:00+00:00
59.2,60.2,58.52,59.77,492432,2021-12-28 04:00:00+00:00
59.38,60.11,58.63,59.13,423276,2021-12-29 04:00:00+00:00
59.22,61.6,59.14,59.72,613265,2021-12-30 04:00:00+00:00
59.65,60.04,58.71,59.24,473118,2021-12-31 04:00:00+00:00
